"Site_code","Easting","Northing","Area_ha","Onshore","between","clus","degree"
"C1","478357","97650",32.2,"Terrestrial",NA,NA,NA
"C10A","474857","103090",16.36,"Terrestrial",NA,NA,NA
"C10B","476485","101684",15.02,"Terrestrial",NA,NA,NA
"C10C","476592","101309",19.37,"Terrestrial",NA,NA,NA
"C10D","474929","102367",12.92,"Terrestrial",NA,NA,NA
"C10E","475707","103628",3.4,"Terrestrial",NA,NA,NA
"C10F","475781","104354",140.2,"Terrestrial",3,0,3
"C10G","476954","101282",9.34,"Terrestrial",NA,NA,NA
"C10H","476714","100784",43.05,"Terrestrial",NA,NA,NA
"C10I","476518","101868",17.48,"Terrestrial",NA,NA,NA
"C10J","477023","102336",4.32,"Terrestrial",NA,NA,NA
"C10K","474670","102993",7.14,"Terrestrial",NA,NA,NA
"C10L","475900","101832",6.61,"Terrestrial",NA,NA,NA
"C10M","475456","103696",5.98,"Terrestrial",0,NA,1
"C10N","475917","102179",11.13,"Terrestrial",NA,NA,NA
"C10O","476628","102827",13.55,"Terrestrial",NA,NA,NA
"C11","478452","100546",3.32,"Terrestrial",NA,NA,NA
"C12","475827","102322",6.6,"Terrestrial",NA,NA,NA
"C13","476307","102581",5.09,"Terrestrial",NA,NA,NA
"C14","479095","101364",3.25,"Terrestrial",NA,NA,NA
"C15","479931","101509",2.63,"Terrestrial",NA,NA,NA
"C16","480648","101407",0.28,"Terrestrial",NA,NA,NA
"C17","478950","99359",12.39,"Terrestrial",NA,NA,NA
"C18","480259","101231",2.8,"Terrestrial",NA,NA,NA
"C19","473600","98189",1.95,"Terrestrial",NA,NA,NA
"C1A","477640","98014",17.59,"Terrestrial",NA,NA,NA
"C1B","478611","97805",26.09,"Terrestrial",NA,NA,NA
"C1D","477051","99142",2.58,"Terrestrial",NA,NA,NA
"C1E","477041","98220",24.36,"Terrestrial",NA,NA,NA
"C1F","477248","98411",10.95,"Terrestrial",NA,NA,NA
"C1G","477562","99506",0.86,"Terrestrial",NA,NA,NA
"C1H","478543","100941",0.74,"Terrestrial",NA,NA,NA
"C1J","476759","98165",2.68,"Terrestrial",NA,NA,NA
"C1K","479135","101502",0.28,"Terrestrial",NA,NA,NA
"C20","476609","99202",5.59,"Terrestrial",NA,NA,NA
"C21","480708","99658",2.08,"Terrestrial",NA,NA,NA
"C22","479231","102329",1.66,"Terrestrial",NA,NA,NA
"C33","474929","103724",12.67,"Terrestrial",NA,NA,NA
"C24","480073","101986",0.31,"Terrestrial",NA,NA,NA
"C25","475126","103769",7.26,"Terrestrial",0,NA,1
"C36","479154","100025",9.48,"Terrestrial",NA,NA,NA
"C27","472660","101247",0.06,"Terrestrial",NA,NA,NA
"C28","481231","99378",4.16,"Terrestrial",NA,NA,NA
"C29","473717","102448",0.06,"Terrestrial",NA,NA,NA
"C2A","478004","98941",4.69,"Terrestrial",NA,NA,NA
"C2B","477996","99366",3.46,"Terrestrial",NA,NA,NA
"C2C","477632","99070",31.36,"Terrestrial",NA,NA,NA
"C30","479957","103660",0.14,"Terrestrial",NA,NA,NA
"C32","479372","104255",0.42,"Terrestrial",NA,NA,NA
"C3A","478408","100296",18.69,"Terrestrial",NA,NA,NA
"C3B","478570","100657",8.7,"Terrestrial",NA,NA,NA
"C3C","478848","101149",42.97,"Terrestrial",NA,NA,NA
"C3F","478774","100326",17.44,"Terrestrial",NA,NA,NA
"C3J","480978","100892",1.28,"Terrestrial",NA,NA,NA
"C3K","478996","100699",12.25,"Terrestrial",NA,NA,NA
"C4B","480782","102854",76.53,"Terrestrial",NA,NA,NA
"C4D","479777","102499",23.4,"Terrestrial",NA,NA,NA
"C4G","480457","102373",18.65,"Terrestrial",NA,NA,NA
"C4J","481783","103258",88.94,"Terrestrial",NA,NA,NA
"C4L","480370","102053",9.13,"Terrestrial",NA,NA,NA
"C4N","481829","104053",61.37,"Terrestrial",NA,NA,NA
"C4T","480419","101947",1.39,"Terrestrial",NA,NA,NA
"C4W","479710","102503",1.49,"Terrestrial",NA,NA,NA
"C4X","480617","103554",1.85,"Terrestrial",NA,NA,NA
"C4Z","480730","101770",1.58,"Terrestrial",NA,NA,NA
"C5","480238","105328",3.46,"Terrestrial",NA,NA,NA
"C5A","479485","104659",20.43,"Terrestrial",NA,NA,NA
"C5B","480134","105102",13.93,"Terrestrial",NA,NA,NA
"C5C","480679","104772",30.05,"Terrestrial",NA,NA,NA
"C5D","481221","104978",11.76,"Terrestrial",NA,NA,NA
"C5E","480678","105178",9.19,"Terrestrial",NA,NA,NA
"C5F","480218","104935",0.72,"Terrestrial",NA,NA,NA
"C5G","479872","105047",0.92,"Terrestrial",NA,NA,NA
"C6A","479558","103032",2.23,"Terrestrial",NA,NA,NA
"C6B","479617","103629",15.68,"Terrestrial",NA,NA,NA
"C6C","479724","103890",5.12,"Terrestrial",NA,NA,NA
"C6D","479327","102158",5.81,"Terrestrial",NA,NA,NA
"C6E","479350","102863",1.39,"Terrestrial",NA,NA,NA
"C6F","479940","103838",0.1,"Terrestrial",NA,NA,NA
"C6G","479690","104510",3.6,"Terrestrial",NA,NA,NA
"C6H","479875","104029",0.03,"Terrestrial",NA,NA,NA
"C6I","479820","104084",0.03,"Terrestrial",NA,NA,NA
"C7A","479019","102731",12.86,"Terrestrial",NA,NA,NA
"C7C","478588","101936",1.27,"Terrestrial",NA,NA,NA
"C7D","477884","101356",1.52,"Terrestrial",0,NA,1
"C7E","479718","103422",1.1,"Terrestrial",NA,NA,NA
"C7F","479394","102126",0.83,"Terrestrial",NA,NA,NA
"C8","478360","103541",43.87,"Terrestrial",0,NA,1
"C8A","478815","102156",5.78,"Terrestrial",NA,NA,NA
"C8B","477793","103827",0.37,"Terrestrial",NA,NA,NA
"C8C","478146","102982",1.68,"Terrestrial",NA,NA,NA
"C8D","478701","102344",14.69,"Terrestrial",NA,NA,NA
"C9","478241","104198",33.33,"Terrestrial",0,NA,1
"C9A","478389","104702",27.78,"Terrestrial",NA,NA,NA
"C9B","478208","105139",31.38,"Terrestrial",NA,NA,NA
"C9C","477205","104968",9,"Terrestrial",NA,NA,NA
"C9D","476383","104888",6.45,"Terrestrial",NA,NA,NA
"C9E","476476","104331",6.53,"Terrestrial",NA,NA,NA
"C9F","477705","104800",0.25,"Terrestrial",NA,NA,NA
"C9G","477668","105099",6.63,"Terrestrial",NA,NA,NA
"C9H","476881","104979",0.15,"Terrestrial",NA,NA,NA
"C9I","477825","104202",0.1,"Terrestrial",NA,NA,NA
"C9W","478072","104572",1.35,"Terrestrial",NA,NA,NA
"E04","446122","107676",2.08,"Terrestrial",NA,NA,NA
"E05","446852","106937",7.61,"Terrestrial",NA,NA,NA
"E06","447536","106302",1.36,"Terrestrial",NA,NA,NA
"E07","447958","106242",14.83,"Terrestrial",NA,NA,NA
"E08","448465","105402",20.58,"Terrestrial",NA,NA,NA
"E09","448281","106099",7.03,"Terrestrial",NA,NA,NA
"E10","449075","109155",8.96,"Terrestrial",NA,NA,NA
"E11","448771","108867",8.99,"Terrestrial",NA,NA,NA
"E12","448602","108967",7.52,"Terrestrial",NA,NA,NA
"E12B","448421","108551",10.79,"Terrestrial",NA,NA,NA
"E13","448529","107707",12.07,"Terrestrial",NA,NA,NA
"E14","447859","107768",73.92,"Terrestrial",NA,NA,NA
"E15","448309","106402",8.57,"Terrestrial",NA,NA,NA
"F01","458049","105316",1.68,"Terrestrial",NA,NA,NA
"F02","457332","106003",0.52,"Terrestrial",NA,NA,NA
"F03A","457515","102055",30.48,"Terrestrial",NA,NA,NA
"F03B","457273","102391",3.81,"Terrestrial",NA,NA,NA
"F03C","457199","102238",2.25,"Terrestrial",NA,NA,NA
"F04","461107","104755",4.03,"Terrestrial",NA,NA,NA
"F05","459843","105191",15.24,"Terrestrial",NA,NA,NA
"F06","454946","102002",4.67,"Terrestrial",NA,NA,NA
"F07","457127","105393",10.53,"Terrestrial",NA,NA,NA
"F08","459440","106656",33.61,"Terrestrial",NA,NA,NA
"F09","461083","106323",3.35,"Terrestrial",NA,NA,NA
"F10","460405","106310",26.19,"Terrestrial",NA,NA,NA
"F11","456459","103364",8.28,"Terrestrial",NA,NA,NA
"F12","456674","103314",3.05,"Terrestrial",NA,NA,NA
"F13","456295","102153",154.16,"Terrestrial",NA,NA,NA
"F14","462477","104563",2.47,"Terrestrial",NA,NA,NA
"F15","457196","103397",25.1,"Terrestrial",NA,NA,NA
"F16","462388","104890",3.46,"Terrestrial",NA,NA,NA
"F17A","455531","105348",3.63,"Terrestrial",NA,NA,NA
"F17B","455455","105049",8.22,"Terrestrial",NA,NA,NA
"F17C","455358","104667",17.32,"Terrestrial",NA,NA,NA
"F17D","455399","104281",8.29,"Terrestrial",NA,NA,NA
"F17E","455162","104814",6.1,"Terrestrial",NA,NA,NA
"F17F","455003","105197",8.07,"Terrestrial",NA,NA,NA
"F17G","455273","105212",9.66,"Terrestrial",NA,NA,NA
"F17H","455613","104457",0.36,"Terrestrial",NA,NA,NA
"F17I","455782","105219",9.41,"Terrestrial",NA,NA,NA
"F17K","455736","104893",4.1,"Terrestrial",NA,NA,NA
"F17N","456121","103888",50.86,"Terrestrial",NA,NA,NA
"F17O","455896","103712",12.8,"Terrestrial",NA,NA,NA
"F17P","456310","103537",37.33,"Terrestrial",NA,NA,NA
"F17Q","456557","102845",16.66,"Terrestrial",NA,NA,NA
"F17R","456049","103200",7.66,"Terrestrial",NA,NA,NA
"F17S","456962","102754",5.27,"Terrestrial",NA,NA,NA
"F18","458305","105971",3.63,"Terrestrial",NA,NA,NA
"F19A","458727","105301",68.62,"Terrestrial",NA,NA,NA
"F19B","459019","105961",8.37,"Terrestrial",NA,NA,NA
"F21","460102","105424",18.83,"Terrestrial",NA,NA,NA
"F22","459735","105554",8.69,"Terrestrial",NA,NA,NA
"F23","457574","103901",4.67,"Terrestrial",NA,NA,NA
"F24","456620","104763",7.3,"Terrestrial",NA,NA,NA
"F25","456537","105508",4.1,"Terrestrial",NA,NA,NA
"F26","456629","105890",4.01,"Terrestrial",NA,NA,NA
"F27","456280","105968",0.48,"Terrestrial",NA,NA,NA
"F28A","454796","104906",28.9,"Terrestrial",NA,NA,NA
"F28B","454583","105209",2.42,"Terrestrial",NA,NA,NA
"F29","454397","105021",4.97,"Terrestrial",NA,NA,NA
"F30","454289","104764",1.73,"Terrestrial",NA,NA,NA
"F31","454572","104310",20.58,"Terrestrial",NA,NA,NA
"F32","454978","104334",1.26,"Terrestrial",NA,NA,NA
"F33A","454863","104153",2.42,"Terrestrial",NA,NA,NA
"F33B","454747","103984",4.17,"Terrestrial",NA,NA,NA
"F33C","454574","103777",9.73,"Terrestrial",NA,NA,NA
"F33D","454512","103611",1.56,"Terrestrial",NA,NA,NA
"F33E","454476","103558",2.05,"Terrestrial",NA,NA,NA
"F33F","454371","103384",11.25,"Terrestrial",NA,NA,NA
"F33G","454373","103150",2.62,"Terrestrial",NA,NA,NA
"F33H","454458","103096",1.14,"Terrestrial",NA,NA,NA
"F33I","454251","103054",2.23,"Terrestrial",NA,NA,NA
"F33J","454173","102955",4.25,"Terrestrial",NA,NA,NA
"F33K","454078","102807",6.88,"Terrestrial",NA,NA,NA
"F34","454807","103380",1.8,"Terrestrial",NA,NA,NA
"F35","455552","102960",1.91,"Terrestrial",NA,NA,NA
"F36","455197","101971",2.06,"Terrestrial",NA,NA,NA
"F37A","459484","107193",1.28,"Terrestrial",NA,NA,NA
"F37B","459455","107357",3.27,"Terrestrial",NA,NA,NA
"F37C","459699","107361",5.68,"Terrestrial",NA,NA,NA
"F37D","459932","107569",5.42,"Terrestrial",NA,NA,NA
"F37E","459955","107326",8.17,"Terrestrial",NA,NA,NA
"F37F","459766","107090",8.83,"Terrestrial",NA,NA,NA
"F37G","460166","107201",13.87,"Terrestrial",NA,NA,NA
"F37H","460158","107720",6.65,"Terrestrial",NA,NA,NA
"F38","461002","105959",2.52,"Terrestrial",NA,NA,NA
"F39","459271","105827",3.31,"Terrestrial",NA,NA,NA
"F41","460385","105490",5.45,"Terrestrial",NA,NA,NA
"F42","460535","105498",1.23,"Terrestrial",NA,NA,NA
"F43","461175","105462",1.41,"Terrestrial",NA,NA,NA
"F44","461514","105308",3.08,"Terrestrial",NA,NA,NA
"F45","461835","105201",1.83,"Terrestrial",NA,NA,NA
"F46A","460400","104876",4.34,"Terrestrial",NA,NA,NA
"F46B","460642","104837",3.32,"Terrestrial",NA,NA,NA
"F47B","454242","105057",9.14,"Terrestrial",NA,NA,NA
"F47C","453844","103751",43.66,"Terrestrial",NA,NA,NA
"F47D","454029","103670",46.89,"Terrestrial",NA,NA,NA
"F48A","453996","105342",5,"Terrestrial",NA,NA,NA
"F48B","453783","105086",11.93,"Terrestrial",NA,NA,NA
"F48C","453437","104608",17.17,"Terrestrial",NA,NA,NA
"F48D","453728","104650",10.65,"Terrestrial",NA,NA,NA
"F48E","453857","104655",6.46,"Terrestrial",NA,NA,NA
"F48G","453413","104156",5.59,"Terrestrial",NA,NA,NA
"F48H","453426","103831",8.34,"Terrestrial",NA,NA,NA
"F48I","453639","103905",3.37,"Terrestrial",NA,NA,NA
"F48J","453780","103755",3.88,"Terrestrial",NA,NA,NA
"F48K","453606","103603",5.53,"Terrestrial",NA,NA,NA
"F48L","453477","103445",7.07,"Terrestrial",NA,NA,NA
"F49","453001","104771",58.04,"Terrestrial",NA,NA,NA
"F50","451260","103800",54.18,"Terrestrial",NA,NA,NA
"F51","450702","104522",38.07,"Terrestrial",NA,NA,NA
"F52","450254","104739",15.51,"Terrestrial",NA,NA,NA
"F53","451476","104368",72.58,"Terrestrial",NA,NA,NA
"F54","453268","103052",11.19,"Terrestrial",NA,NA,NA
"F55","452428","103322",86.35,"Terrestrial",NA,NA,NA
"F56","452469","104235",61.58,"Terrestrial",NA,NA,NA
"F57","448958","107311",0.82,"Terrestrial",NA,NA,NA
"F58","448783","106874",2.44,"Terrestrial",NA,NA,NA
"F59","448785","106217",0.12,"Terrestrial",NA,NA,NA
"F60","449007","105167",5.5,"Terrestrial",NA,NA,NA
"F61","448892","105398",9.8,"Terrestrial",NA,NA,NA
"F62","449178","104824",5.7,"Terrestrial",NA,NA,NA
"F63","449538","104572",9.71,"Terrestrial",0,NA,1
"F64","449457","104815",7.73,"Terrestrial",NA,NA,NA
"F65A","450151","104587",7.33,"Terrestrial",NA,NA,NA
"F65B","450132","104334",10.41,"Terrestrial",NA,NA,NA
"F66","450188","104136",3.2,"Terrestrial",NA,NA,NA
"F67","449891","104262",4.82,"Terrestrial",NA,NA,NA
"F68","449310","104615",13.14,"Terrestrial",0,NA,1
"F69","449046","105851",11.86,"Terrestrial",NA,NA,NA
"F70","448955","106558",7.2,"Terrestrial",NA,NA,NA
"F71","448764","107039",2.91,"Terrestrial",NA,NA,NA
"F71A","448906","107039",7.63,"Terrestrial",NA,NA,NA
"F72","449031","107529",8.14,"Terrestrial",NA,NA,NA
"F73","448951","108079",2.25,"Terrestrial",NA,NA,NA
"F74","449299","108243",27,"Terrestrial",NA,NA,NA
"F74A","449269","108789",0.53,"Terrestrial",NA,NA,NA
"F75","448860","108336",1.66,"Terrestrial",NA,NA,NA
"F76","455904","105056",11.78,"Terrestrial",NA,NA,NA
"F77","457363","103585",3.62,"Terrestrial",NA,NA,NA
"F78","462334","104201",43.34,"Terrestrial",1,0,2
"F79","453007","103699",2.37,"Terrestrial",NA,NA,NA
"F80","453386","105105",3.43,"Terrestrial",NA,NA,NA
"F81","453273","103825",2.46,"Terrestrial",NA,NA,NA
"F82","455419","101505",0.6,"Terrestrial",NA,NA,NA
"G01","460905","98150",3.54,"Terrestrial",7.5,0,3
"G02","458902","99802",9.22,"Terrestrial",0,1,2
"G03","461570","100015",3.91,"Terrestrial",3,0,2
"G04","460873","101046",3.85,"Terrestrial",NA,NA,NA
"G05","461053","98960",11.1,"Terrestrial",0,NA,1
"G06","459881","98377",7.07,"Terrestrial",NA,NA,NA
"G07","459048","98874",1.96,"Terrestrial",NA,NA,NA
"G08","457328","99561",6.72,"Terrestrial",NA,NA,NA
"G09","458400","102815",6.43,"Terrestrial",NA,NA,NA
"G10","459248","99973",5.6,"Terrestrial",15,0.333333333333333,3
"G11","460245","102866",22.83,"Terrestrial",NA,NA,NA
"G12","460391","101764",3.16,"Terrestrial",NA,NA,NA
"G13","457652","104077",1.89,"Terrestrial",NA,NA,NA
"G14","458574","99816",15.15,"Terrestrial",NA,NA,NA
"G15","458731","99280",8.68,"Terrestrial",7,0.333333333333333,3
"G16","459679","99879",8.07,"Terrestrial",NA,NA,NA
"G17","457324","102810",8.76,"Terrestrial",NA,NA,NA
"G18","459379","103763",85.83,"Terrestrial",NA,NA,NA
"G20","460983","100820",1.67,"Terrestrial",NA,NA,NA
"G21","461087","100482",1.24,"Terrestrial",NA,NA,NA
"G22","460195","99164",1.4,"Terrestrial",NA,NA,NA
"G23A","460208","98099",6.45,"Terrestrial",NA,NA,NA
"G23B","460332","98000",8.74,"Terrestrial",NA,NA,NA
"G23C","460631","97810",13.44,"Terrestrial",NA,NA,NA
"G24","458520","101652",1.4,"Terrestrial",NA,NA,NA
"G25A","457437","101380",22.24,"Terrestrial",NA,NA,NA
"G25B","457422","101040",13.7,"Terrestrial",NA,NA,NA
"G25C","457534","100401",12.06,"Terrestrial",NA,NA,NA
"G25D","457835","99870",22.02,"Terrestrial",NA,NA,NA
"G26","457564","102809",2.78,"Terrestrial",NA,NA,NA
"G27","457735","103768",2.38,"Terrestrial",NA,NA,NA
"G28","458615","104216",14.19,"Terrestrial",NA,NA,NA
"G30A","460210","102350",3.18,"Terrestrial",NA,NA,NA
"G30B","460438","102256",0.7,"Terrestrial",NA,NA,NA
"G30C","460395","102372",2.92,"Terrestrial",NA,NA,NA
"G31","460961","97780",10.21,"Terrestrial",5,0,2
"G32A","461568","99759",1.03,"Terrestrial",NA,NA,NA
"G32B","461652","99626",3.04,"Terrestrial",0,NA,1
"G33","459484","102866",10.42,"Terrestrial",NA,NA,NA
"G34","458669","104541",1.41,"Terrestrial",0,NA,1
"G35","459933","103869",0.08,"Terrestrial",0,NA,1
"G36","459871","103788",0.8,"Terrestrial",NA,NA,NA
"G37","459757","98273",9.67,"Terrestrial",NA,NA,NA
"G38","461193","100878",0.31,"Terrestrial",NA,NA,NA
"G39","461210","100754",0.2,"Terrestrial",NA,NA,NA
"G40","461650","101457",0.36,"Terrestrial",NA,NA,NA
"G41","461630","99084",0.52,"Terrestrial",NA,NA,NA
"G42","460498","98675",0.41,"Terrestrial",NA,NA,NA
"G43","461134","100954",1.37,"Terrestrial",NA,NA,NA
"G44","459391","100169",3.62,"Terrestrial",0,NA,1
"G45","461868","99416",3.23,"Terrestrial",NA,NA,NA
"G46","461318","99089",1,"Terrestrial",NA,NA,NA
"G47","460996","100263",3.26,"Terrestrial",5,0,3
"G48","461654","101316",0.08,"Terrestrial",NA,NA,NA
"G49","459944","97928",1.98,"Terrestrial",NA,NA,NA
"G50","460862","97776",3.83,"Terrestrial",5,0,2
"G51","461743","100942",3.84,"Terrestrial",0,NA,1
"G52","461332","98906",1.6,"Terrestrial",NA,NA,NA
"G53","460013","98254",4.61,"Terrestrial",NA,NA,NA
"G54","461824","99644",1.96,"Terrestrial",NA,NA,NA
"G55","458985","104509",0.46,"Terrestrial",NA,NA,NA
"G56","459773","104402",0.44,"Terrestrial",NA,NA,NA
"H00A","467235","108504",8.08,"Terrestrial",NA,NA,NA
"H00B","467606","108814",10.06,"Terrestrial",NA,NA,NA
"H01","468098","106738",58.41,"Terrestrial",NA,NA,NA
"H02A","469176","106769",11.02,"Terrestrial",0,NA,1
"H02B","469081","106503",6.86,"Terrestrial",NA,NA,NA
"H03","469176","106150",12.17,"Terrestrial",NA,NA,NA
"H04A","468923","105521",1.48,"Terrestrial",NA,NA,NA
"H04B","469081","105687",12.6,"Terrestrial",NA,NA,NA
"H04C","469403","105793",9.86,"Terrestrial",NA,NA,NA
"H04D","469242","105502",2.86,"Terrestrial",NA,NA,NA
"H05A","470013","106059",9.62,"Terrestrial",NA,NA,NA
"H05B","470241","106277",0.92,"Terrestrial",NA,NA,NA
"H05C","470044","105984",4.89,"Terrestrial",NA,NA,NA
"H06","470392","106503",3.41,"Terrestrial",NA,NA,NA
"H07A","469726","105514",5.73,"Terrestrial",1.33333333333333,0,2
"H07B","470018","105448",3.59,"Terrestrial",NA,NA,NA
"H07C","470254","105506",5.22,"Terrestrial",NA,NA,NA
"H07D","470234","105724",3.55,"Terrestrial",NA,NA,NA
"H08","470028","105663",5.16,"Terrestrial",NA,NA,NA
"H09","470409","105814",2.85,"Terrestrial",NA,NA,NA
"H100","471546","103048",4.71,"Terrestrial",NA,NA,NA
"H101","472409","103049",10.28,"Terrestrial",NA,NA,NA
"H102","472087","102913",12.91,"Terrestrial",NA,NA,NA
"H103","473632","104984",0.18,"Terrestrial",NA,NA,NA
"H104","470523","98770",3.71,"Terrestrial",NA,NA,NA
"H105","472964","98387",1.52,"Terrestrial",NA,NA,NA
"H10B","470591","106231",13.48,"Terrestrial",NA,NA,NA
"H11","471187","106233",5.59,"Terrestrial",NA,NA,NA
"H12","471557","105781",1.38,"Terrestrial",NA,NA,NA
"H13","471669","106049",0.78,"Terrestrial",NA,NA,NA
"H14","471613","106513",3.63,"Terrestrial",NA,NA,NA
"H15","472312","106450",6.57,"Terrestrial",NA,NA,NA
"H16A","473553","107069",23.93,"Terrestrial",NA,NA,NA
"H16B","473683","107247",2.53,"Terrestrial",NA,NA,NA
"H16C","473804","107157",1.22,"Terrestrial",NA,NA,NA
"H16D","474159","107006",24.76,"Terrestrial",NA,NA,NA
"H16E","473318","106646",14.26,"Terrestrial",NA,NA,NA
"H16F","473680","106671",15.13,"Terrestrial",NA,NA,NA
"H16G","474187","106682",8.97,"Terrestrial",NA,NA,NA
"H16H","474504","106643",4.3,"Terrestrial",NA,NA,NA
"H17","474290","106322",1.07,"Terrestrial",NA,NA,NA
"H18","474642","106664",5.62,"Terrestrial",NA,NA,NA
"H19","473271","106298",9.5,"Terrestrial",NA,NA,NA
"H20","474124","106439",8.05,"Terrestrial",NA,NA,NA
"H21","473433","106223",6.79,"Terrestrial",NA,NA,NA
"H22A","473643","105926",3.58,"Terrestrial",NA,NA,NA
"H22B","473677","105586",17.02,"Terrestrial",NA,NA,NA
"H23A","472752","105822",1.87,"Terrestrial",NA,NA,NA
"H23B","472975","105723",9.09,"Terrestrial",NA,NA,NA
"H23C","473053","105315",6.26,"Terrestrial",NA,NA,NA
"H23D","473293","105648",18.46,"Terrestrial",NA,NA,NA
"H23E","473266","105171",13.66,"Terrestrial",59,0,3
"H23F","473501","105506",10.98,"Terrestrial",NA,NA,NA
"H24A","472570","105559",4.71,"Terrestrial",NA,NA,NA
"H24B","472736","105550",2.53,"Terrestrial",NA,NA,NA
"H24C","472492","105376",2.25,"Terrestrial",NA,NA,NA
"H24D","472604","105319",2.67,"Terrestrial",NA,NA,NA
"H24E","472728","105300",2.61,"Terrestrial",0,NA,1
"H25A","472090","105552",3.09,"Terrestrial",NA,NA,NA
"H25B","472346","105574",7.87,"Terrestrial",NA,NA,NA
"H25C","472275","105319",5.85,"Terrestrial",NA,NA,NA
"H25D","472035","105204",2.45,"Terrestrial",NA,NA,NA
"H26","471816","105158",6.27,"Terrestrial",NA,NA,NA
"H27","471549","105146",3.8,"Terrestrial",NA,NA,NA
"H28A","471010","105024",6.87,"Terrestrial",NA,NA,NA
"H28B","471295","105128",6.24,"Terrestrial",NA,NA,NA
"H28C","471240","104870",9.02,"Terrestrial",0,1,2
"H30","469505","99434",54.46,"Terrestrial",NA,NA,NA
"H31A","470046","99628",5.15,"Terrestrial",NA,NA,NA
"H31B","469870","99653",1.38,"Terrestrial",NA,NA,NA
"H32","471232","99367",6.19,"Terrestrial",NA,NA,NA
"H34A","471129","100535",1.1,"Terrestrial",NA,NA,NA
"H34B","471266","100466",0.75,"Terrestrial",NA,NA,NA
"H34C","470989","100154",12.67,"Terrestrial",NA,NA,NA
"H34D","471254","100217",2.5,"Terrestrial",NA,NA,NA
"H34E","471156","99937",9.74,"Terrestrial",NA,NA,NA
"H35","472911","98835",2.48,"Terrestrial",NA,NA,NA
"H36","473947","98900",2.81,"Terrestrial",NA,NA,NA
"H39","473356","99706",2.32,"Terrestrial",NA,NA,NA
"H40B","473168","100219",6.43,"Terrestrial",NA,NA,NA
"H40C","473571","100597",27.56,"Terrestrial",NA,NA,NA
"H40D","473396","99976",16,"Terrestrial",NA,NA,NA
"H40E","472933","99825",7.44,"Terrestrial",NA,NA,NA
"H40F","472766","99588",6.29,"Terrestrial",NA,NA,NA
"H41","472532","99547",4.59,"Terrestrial",NA,NA,NA
"H42","472380","99749",1.61,"Terrestrial",NA,NA,NA
"H43","473373","100930",4.65,"Terrestrial",NA,NA,NA
"H44","472518","100178",7.29,"Terrestrial",NA,NA,NA
"H45","471679","99698",1.6,"Terrestrial",NA,NA,NA
"H46A","471867","100108",16.39,"Terrestrial",NA,NA,NA
"H46B","471939","99776",11.82,"Terrestrial",NA,NA,NA
"H47","472163","100581",1.21,"Terrestrial",NA,NA,NA
"H48A","471584","102116",6.03,"Terrestrial",NA,NA,NA
"H48B","471486","101807",5.54,"Terrestrial",NA,NA,NA
"H48C","471508","101558",6.88,"Terrestrial",NA,NA,NA
"H48D","471499","101302",7.61,"Terrestrial",NA,NA,NA
"H48E","471487","101156",3.25,"Terrestrial",NA,NA,NA
"H48F","471454","100953",7.61,"Terrestrial",NA,NA,NA
"H48G","471317","100637",10.27,"Terrestrial",NA,NA,NA
"H49A","471931","101560",11.3,"Terrestrial",NA,NA,NA
"H49B","471758","101287",4.81,"Terrestrial",NA,NA,NA
"H49C","471948","101291",4.84,"Terrestrial",NA,NA,NA
"H49D","472192","101294",6.02,"Terrestrial",NA,NA,NA
"H49E","471957","101040",3.72,"Terrestrial",NA,NA,NA
"H49F","472237","101044",6.03,"Terrestrial",NA,NA,NA
"H49G","471857","100877",9.55,"Terrestrial",NA,NA,NA
"H49H","471772","100675",9.95,"Terrestrial",NA,NA,NA
"H49I","472283","100786",7.92,"Terrestrial",NA,NA,NA
"H49J","471656","101075",4.3,"Terrestrial",NA,NA,NA
"H50A","472454","101039",1.5,"Terrestrial",NA,NA,NA
"H50B","472609","100937",7.22,"Terrestrial",0,NA,1
"H50C","472799","100735",4.63,"Terrestrial",NA,NA,NA
"H51","472329","101468",19.86,"Terrestrial",NA,NA,NA
"H52A","471945","101943",12.03,"Terrestrial",NA,NA,NA
"H52B","471788","101912",1.99,"Terrestrial",NA,NA,NA
"H53A","471784","102795",3.33,"Terrestrial",NA,NA,NA
"H53B","471764","102565",2.84,"Terrestrial",NA,NA,NA
"H53C","471707","102366",5.73,"Terrestrial",NA,NA,NA
"H53D","471878","102359",2.26,"Terrestrial",NA,NA,NA
"H53E","471800","102089",4.01,"Terrestrial",NA,NA,NA
"H54","472158","102306",1.9,"Terrestrial",NA,NA,NA
"H55","472425","101774",1.25,"Terrestrial",NA,NA,NA
"H56","472720","101901",7.14,"Terrestrial",NA,NA,NA
"H57","473119","102072",5.16,"Terrestrial",NA,NA,NA
"H58A","473316","102310",5.44,"Terrestrial",0,NA,1
"H58B","473468","102062",3.22,"Terrestrial",NA,NA,NA
"H58C","473483","101787",5.5,"Terrestrial",NA,NA,NA
"H59A","473487","103756",7.13,"Terrestrial",0,NA,1
"H59B","473365","103619",3.33,"Terrestrial",NA,NA,NA
"H59D","473489","103424",12.79,"Terrestrial",3,0,2
"H59E","473538","103109",19.12,"Terrestrial",0,NA,1
"H59F","473416","102698",10.62,"Terrestrial",NA,NA,NA
"H59G","473602","102619",3.98,"Terrestrial",0,NA,1
"H60A","472042","103919",1.57,"Terrestrial",NA,NA,NA
"H60B","472500","103982",3.19,"Terrestrial",NA,NA,NA
"H60C","472140","103615",10.72,"Terrestrial",NA,NA,NA
"H60D","472493","103492",21.36,"Terrestrial",NA,NA,NA
"H60E","472929","103584",12.46,"Terrestrial",NA,NA,NA
"H60F","472867","103280",8.18,"Terrestrial",NA,NA,NA
"H60G","472987","102955",10.36,"Terrestrial",5,0,3
"H60H","472687","103023",9.11,"Terrestrial",NA,NA,NA
"H60I","472224","103895",2.33,"Terrestrial",NA,NA,NA
"H60J","472410","103881",3.36,"Terrestrial",NA,NA,NA
"H60K","472029","102609",1.94,"Terrestrial",NA,NA,NA
"H60L","472293","102559",7.02,"Terrestrial",NA,NA,NA
"H60M","472367","102691",6.04,"Terrestrial",NA,NA,NA
"H60N","472605","102645",9.14,"Terrestrial",NA,NA,NA
"H60O","472744","102635",12.66,"Terrestrial",0,NA,1
"H60P","473021","102635",9.26,"Terrestrial",NA,NA,NA
"H60Q","472763","102202",4.98,"Terrestrial",NA,NA,NA
"H60R","472596","102213",5.85,"Terrestrial",NA,NA,NA
"H60S","472455","102208",2.82,"Terrestrial",NA,NA,NA
"H60T","472328","102246",1.63,"Terrestrial",NA,NA,NA
"H60U","472292","102020",2.85,"Terrestrial",NA,NA,NA
"H60V","472438","101964",4.13,"Terrestrial",NA,NA,NA
"H61","471605","103336",8.03,"Terrestrial",NA,NA,NA
"H62A","471770","103710",4.74,"Terrestrial",NA,NA,NA
"H62B","471857","103693",3.89,"Terrestrial",NA,NA,NA
"H63","472666","103924",3.04,"Terrestrial",NA,NA,NA
"H64","472838","103908",5.37,"Terrestrial",NA,NA,NA
"H65","472996","103861",4.6,"Terrestrial",0,NA,1
"H66","472735","103730",0.66,"Terrestrial",NA,NA,NA
"H67","473589","98688",2.28,"Terrestrial",NA,NA,NA
"H68","469069","105037",4.56,"Terrestrial",1.33333333333333,0.666666666666667,3
"H69","469386","104621",11.76,"Terrestrial",NA,NA,NA
"H70","470142","104065",7.44,"Terrestrial",92.1666666666667,0.142857142857143,7
"H71","469487","103536",6.05,"Terrestrial",0,1,3
"H72","469859","103212",6.59,"Terrestrial",0,NA,1
"H73A","471628","103751",0.15,"Terrestrial",51.1666666666667,0.333333333333333,4
"H73B","471241","103559",1.82,"Terrestrial",NA,NA,NA
"H75","471551","102668",0.75,"Terrestrial",NA,NA,NA
"H76","472349","104193",1.82,"Terrestrial",9,0.333333333333333,3
"H77","472840","104049",1.38,"Terrestrial",NA,NA,NA
"H78","473595","101753",6.71,"Terrestrial",NA,NA,NA
"H79A","473140","101516",1.45,"Terrestrial",NA,NA,NA
"H79B","473221","101580",0.36,"Terrestrial",NA,NA,NA
"H80","474909","99094",0.67,"Terrestrial",NA,NA,NA
"H81","474853","98283",10.36,"Terrestrial",NA,NA,NA
"H82","469817","99819",0.88,"Terrestrial",NA,NA,NA
"H83","469081","100026",0.25,"Terrestrial",NA,NA,NA
"H84","469337","99928",0.18,"Terrestrial",NA,NA,NA
"H85","469406","99824",2.84,"Terrestrial",0,NA,1
"H86","472219","104036",2.29,"Terrestrial",NA,NA,NA
"H87","472143","102164",1.86,"Terrestrial",NA,NA,NA
"H88","471888","102228",2.5,"Terrestrial",NA,NA,NA
"H89","472988","101454",8.86,"Terrestrial",NA,NA,NA
"H90","470704","105422",20.95,"Terrestrial",0,NA,1
"H91","474348","104451",2.06,"Terrestrial",111,0,3
"H92","472847","104671",1.26,"Terrestrial",0,NA,1
"H93","473165","104150",0.24,"Terrestrial",NA,NA,NA
"H94","473895","103614",1.6,"Terrestrial",NA,NA,NA
"H95","474017","99123",0.06,"Terrestrial",NA,NA,NA
"H96","474231","98752",0.23,"Terrestrial",NA,NA,NA
"H97","474756","99178",1.13,"Terrestrial",NA,NA,NA
"H98","475035","98865",0.27,"Terrestrial",NA,NA,NA
"H99","473624","100348",0.49,"Terrestrial",NA,NA,NA
"NF100","446058","104974",44.88,"Terrestrial",NA,NA,NA
"NF138","446089","99039",6.6,"Terrestrial",NA,NA,NA
"NF139","446324","99285",27.65,"Terrestrial",NA,NA,NA
"NF150","446113","98776",6.85,"Terrestrial",NA,NA,NA
"NF151","446543","99986",16.13,"Terrestrial",NA,NA,NA
"NF152","446474","100386",19.52,"Terrestrial",NA,NA,NA
"NF154","447345","100855",10.66,"Terrestrial",NA,NA,NA
"NF155","447583","101251",21.97,"Terrestrial",NA,NA,NA
"NF156","448062","101802",52.71,"Terrestrial",NA,NA,NA
"NF201","448408","102298",13.4,"Terrestrial",NA,NA,NA
"NF203","446203","99637",13.85,"Terrestrial",NA,NA,NA
"NF213","446915","100353",13.16,"Terrestrial",NA,NA,NA
"NF223","446306","101935",11.94,"Terrestrial",NA,NA,NA
"NF58","448668","101940",2.56,"Terrestrial",NA,NA,NA
"NF59","448236","102064",5.5,"Terrestrial",NA,NA,NA
"NF60","448360","102509",1.68,"Terrestrial",NA,NA,NA
"NF61","447439","102967",54.96,"Terrestrial",NA,NA,NA
"NF84","446833","104039",1.45,"Terrestrial",NA,NA,NA
"NF85","446764","103937",0.86,"Terrestrial",NA,NA,NA
"NF86","446651","104665",1.75,"Terrestrial",NA,NA,NA
"NF95","446395","103705",15.05,"Terrestrial",NA,NA,NA
"NF96","446277","103440",13.65,"Terrestrial",NA,NA,NA
"NF97","447005","103644",19.37,"Terrestrial",NA,NA,NA
"NF98","446693","104187",6.32,"Terrestrial",NA,NA,NA
"NF99","446532","104579",15.01,"Terrestrial",NA,NA,NA
"P01","467939","106232",1.26,"Terrestrial",NA,NA,NA
"P02","468394","106357",3.92,"Terrestrial",NA,NA,NA
"P03","468986","106370",6.34,"Terrestrial",NA,NA,NA
"P04","468701","105525",2.12,"Terrestrial",NA,NA,NA
"P06","467194","105150",2.7,"Terrestrial",NA,NA,NA
"P07","466782","104883",3.26,"Terrestrial",NA,NA,NA
"P08A","467755","104707",14.11,"Terrestrial",0,1,2
"P08B","468180","104721",9.72,"Terrestrial",0,NA,1
"P08C","468249","105030",12.17,"Terrestrial",NA,NA,NA
"P09","467144","104326",1.1,"Terrestrial",NA,NA,NA
"P100","462922","100187",2.87,"Terrestrial",NA,NA,NA
"P101","466731","104077",0.66,"Terrestrial",NA,NA,NA
"P102","462375","105097",1.28,"Terrestrial",30,0,2
"P103","467563","99495",0.1,"Terrestrial",NA,NA,NA
"P104","470286","103474",0.08,"Terrestrial",NA,NA,NA
"P10A","468264","104362",16.31,"Terrestrial",NA,NA,NA
"P10B","468459","104749",1.66,"Terrestrial",NA,NA,NA
"P10C","468624","104855",3.33,"Terrestrial",NA,NA,NA
"P10D","468688","104437",17.35,"Terrestrial",141.916666666667,0.2,6
"P10E","468875","104788",8.37,"Terrestrial",NA,NA,NA
"P10F","468826","103445",0.06,"Terrestrial",NA,NA,NA
"P10G","468830","104976",3.95,"Terrestrial",NA,NA,NA
"P10H","468326","104247",11.88,"Terrestrial",121.25,0.133333333333333,6
"P10I","468716","103834",11.1,"Terrestrial",24.5,0.4,5
"P10J","468487","104292",3.15,"Terrestrial",NA,NA,NA
"P10K","468683","103570",3.78,"Terrestrial",NA,NA,NA
"P10L","468434","103900",19.25,"Terrestrial",0,NA,1
"P10M","468747","105215",2.73,"Terrestrial",NA,NA,NA
"P11","467496","103003",6.87,"Terrestrial",59,0,3
"P12","467173","102563",28.48,"Terrestrial",0,NA,1
"P13","466278","102176",1.38,"Terrestrial",NA,NA,NA
"P14","466133","103466",14.84,"Terrestrial",NA,NA,NA
"P19A","467367","101998",3.98,"Terrestrial",NA,NA,NA
"P19B","467262","101772",9.24,"Terrestrial",NA,NA,NA
"P19C","466917","101880",30.94,"Terrestrial",NA,NA,NA
"P19D","467309","101862",5.31,"Terrestrial",NA,NA,NA
"P19E","467518","101940",2.98,"Terrestrial",NA,NA,NA
"P20","466835","101355",5.93,"Terrestrial",0,1,2
"P21","466427","101089",0.83,"Terrestrial",NA,NA,NA
"P22","466423","100854",3.14,"Terrestrial",NA,NA,NA
"P23B","467769","100163",2.81,"Terrestrial",0,1,2
"P23R","467616","101424",0.73,"Terrestrial",0,1,2
"P25","467509","100076",7.44,"Terrestrial",NA,NA,NA
"P26","467077","99931",3.22,"Terrestrial",NA,NA,NA
"P27","466365","99723",2.29,"Terrestrial",NA,NA,NA
"P28","467998","99237",6.12,"Terrestrial",NA,NA,NA
"P29","467156","99004",7.75,"Terrestrial",NA,NA,NA
"P30","467093","99381",7.59,"Terrestrial",NA,NA,NA
"P31","466741","98702",2.95,"Terrestrial",0,NA,1
"P32A","466001","98417",1.99,"Terrestrial",1,0,2
"P32B","466189","98448",1.76,"Terrestrial",0,NA,1
"P32C","465836","98468",1.06,"Terrestrial",NA,NA,NA
"P34","464451","98121",2.35,"Terrestrial",NA,NA,NA
"P35","463910","98638",18.38,"Terrestrial",0,NA,1
"P36","463519","99012",2.27,"Terrestrial",NA,NA,NA
"P37","463686","102275",4.53,"Terrestrial",NA,NA,NA
"P38","464425","103018",1.6,"Terrestrial",NA,NA,NA
"P39","464667","103069",3.62,"Terrestrial",NA,NA,NA
"P40","464874","103486",10.25,"Terrestrial",NA,NA,NA
"P40A","464736","103314",2.86,"Terrestrial",0,NA,1
"P41","465495","103958",2.06,"Terrestrial",NA,NA,NA
"P42","465622","104092",0.92,"Terrestrial",NA,NA,NA
"P43","465131","104225",6.8,"Terrestrial",NA,NA,NA
"P44","465133","104837",5.28,"Terrestrial",NA,NA,NA
"P45","465334","105022",11.69,"Terrestrial",NA,NA,NA
"P46","464951","105057",1.79,"Terrestrial",NA,NA,NA
"P47","464663","104896",1.46,"Terrestrial",NA,NA,NA
"P48A","463206","104870",4.86,"Terrestrial",0,NA,1
"P48B","463492","104755",9.86,"Terrestrial",NA,NA,NA
"P48C","464007","104509",46.45,"Terrestrial",NA,NA,NA
"P49","462861","105885",3.37,"Terrestrial",NA,NA,NA
"P50","463558","105874",6.83,"Terrestrial",NA,NA,NA
"P51A","465139","106663",8.28,"Terrestrial",NA,NA,NA
"P51B","465562","106772",7.45,"Terrestrial",NA,NA,NA
"P51C","465776","106725",6.22,"Terrestrial",NA,NA,NA
"P51D","465994","106674",8.33,"Terrestrial",NA,NA,NA
"P51E","466359","106541",7.79,"Terrestrial",NA,NA,NA
"P52","467461","101374",4.26,"Terrestrial",4,0.4,5
"P53","466954","102441",7.04,"Terrestrial",NA,NA,NA
"P54","467121","101306",7.78,"Terrestrial",0.5,0.666666666666667,3
"P56","466192","106325",5.81,"Terrestrial",NA,NA,NA
"P57","466712","106251",12.87,"Terrestrial",NA,NA,NA
"P58","468070","106112",5.25,"Terrestrial",NA,NA,NA
"P59","468629","106177",7.36,"Terrestrial",NA,NA,NA
"P60","463761","103207",6.64,"Terrestrial",NA,NA,NA
"P61A","465675","104528",0.57,"Terrestrial",NA,NA,NA
"P61B","466455","104353",1.56,"Terrestrial",NA,NA,NA
"P61C","466758","104185",1.36,"Terrestrial",NA,NA,NA
"P62","460013","104803",0.07,"Terrestrial",NA,NA,NA
"P63","460880","103888",1.25,"Terrestrial",NA,NA,NA
"P64","462386","105138",0.09,"Terrestrial",NA,NA,NA
"P65","462569","105229",0.07,"Terrestrial",NA,NA,NA
"P66","462494","105436",0.17,"Terrestrial",NA,NA,NA
"P67","462466","105570",0.1,"Terrestrial",0,NA,1
"P68","462642","105627",0.11,"Terrestrial",1,0,2
"P70","460830","102403",0.78,"Terrestrial",0,NA,1
"P71","462409","99001",1.17,"Terrestrial",NA,NA,NA
"P72","468981","103340",0.07,"Terrestrial",0,NA,1
"P73","468279","103406",0.23,"Terrestrial",71,0.333333333333333,6
"P74","463050","105292",0.11,"Terrestrial",NA,NA,NA
"P75","464339","104026",0.99,"Terrestrial",NA,NA,NA
"P76","464271","103772",0.11,"Terrestrial",NA,NA,NA
"P77","464094","103873",0.57,"Terrestrial",NA,NA,NA
"P78","467178","98769",1.24,"Terrestrial",NA,NA,NA
"P80","464732","103904",44.81,"Terrestrial",3,0,3
"P80A","463772","103634",17.89,"Terrestrial",NA,NA,NA
"P82","467718","99372",0.13,"Terrestrial",NA,NA,NA
"P83","467698","101637",0.27,"Terrestrial",NA,NA,NA
"P84","467535","102693",0.14,"Terrestrial",NA,NA,NA
"P85","467637","103077",0.09,"Terrestrial",NA,NA,NA
"P86","467492","103350",0.32,"Terrestrial",NA,NA,NA
"P87","467275","104245",0.44,"Terrestrial",NA,NA,NA
"P88","467438","104142",0.22,"Terrestrial",NA,NA,NA
"P89","459151","105231",1.74,"Terrestrial",NA,NA,NA
"P90","460244","104796",1.34,"Terrestrial",NA,NA,NA
"P91","460968","104715",1.28,"Terrestrial",NA,NA,NA
"P92","461758","104293",15.06,"Terrestrial",0,NA,1
"P93","462584","104802",2.1,"Terrestrial",0,NA,1
"P94","462861","105622",0.22,"Terrestrial",0,NA,1
"P95","463034","105487",0.93,"Terrestrial",NA,NA,NA
"P96","463249","105492",1.79,"Terrestrial",NA,NA,NA
"P97","463074","104963",0.39,"Terrestrial",NA,NA,NA
"P98","462452","104950",1.25,"Terrestrial",0,NA,1
"P99","459810","104694",0.79,"Terrestrial",NA,NA,NA
"W01A","460503","108099",7.02,"Terrestrial",NA,NA,NA
"W01B","460405","107739",13.97,"Terrestrial",NA,NA,NA
"W01C","460521","107281",14.75,"Terrestrial",NA,NA,NA
"W01D","460599","106930",4.2,"Terrestrial",NA,NA,NA
"W01E","460944","106950",6.95,"Terrestrial",NA,NA,NA
"W01F","460882","107328",11.11,"Terrestrial",NA,NA,NA
"W01G","460808","107754",12.14,"Terrestrial",NA,NA,NA
"W01H","461162","107844",34.15,"Terrestrial",NA,NA,NA
"W01I","461190","107158",5.48,"Terrestrial",NA,NA,NA
"W01J","461200","106969",2.46,"Terrestrial",NA,NA,NA
"W01K","461654","107522",43.3,"Terrestrial",NA,NA,NA
"W01L","462305","107563",22.77,"Terrestrial",NA,NA,NA
"W01M","462093","107094",11.48,"Terrestrial",NA,NA,NA
"W01N","462380","106968",3.56,"Terrestrial",NA,NA,NA
"W01O","462703","107384",13.99,"Terrestrial",NA,NA,NA
"W01P","462421","107846",10.33,"Terrestrial",NA,NA,NA
"W02A","463310","107738",14.21,"Terrestrial",NA,NA,NA
"W02B","463412","107560",7.67,"Terrestrial",NA,NA,NA
"W02C","463611","107211",30.46,"Terrestrial",NA,NA,NA
"W03A","464138","107437",14.45,"Terrestrial",NA,NA,NA
"W03B","464132","107088",11.47,"Terrestrial",NA,NA,NA
"W03C","464414","106970",13.73,"Terrestrial",NA,NA,NA
"W03D","464606","107368",16.09,"Terrestrial",NA,NA,NA
"W03E","464648","106834",11.04,"Terrestrial",NA,NA,NA
"W03F","465085","106875",14.58,"Terrestrial",NA,NA,NA
"W03G","465129","107117",23.14,"Terrestrial",NA,NA,NA
"W03H","465189","107447",15.65,"Terrestrial",NA,NA,NA
"W03I","465575","107277",9.16,"Terrestrial",NA,NA,NA
"W03J","465816","107389",10.44,"Terrestrial",NA,NA,NA
"W03K","466117","107544",5.56,"Terrestrial",NA,NA,NA
"W03L","466136","107229",14.94,"Terrestrial",NA,NA,NA
"W03M","466463","107175",10.54,"Terrestrial",NA,NA,NA
"W03N","466487","106768",11.07,"Terrestrial",NA,NA,NA
"W04A","463359","107959",3.99,"Terrestrial",NA,NA,NA
"W04B","463595","107859",7.66,"Terrestrial",NA,NA,NA
"W04C","463770","107864",5.9,"Terrestrial",NA,NA,NA
"W04D","463941","107738",7.37,"Terrestrial",NA,NA,NA
"W05A","465777","107040",5.6,"Terrestrial",NA,NA,NA
"W05B","466096","106970",6.13,"Terrestrial",NA,NA,NA
"W05C","466198","106739",3.29,"Terrestrial",NA,NA,NA
"W06A","466657","107020",4.58,"Terrestrial",NA,NA,NA
"W06B","466855","107396",19.24,"Terrestrial",NA,NA,NA
"W06C","466481","107395",6.32,"Terrestrial",NA,NA,NA
"W06D","466524","107585",1.89,"Terrestrial",NA,NA,NA
"W06E","466833","107667",2.2,"Terrestrial",NA,NA,NA
"W06F","467061","107728",1.71,"Terrestrial",NA,NA,NA
"W06G","466948","108265",12.44,"Terrestrial",NA,NA,NA
"W06H","467305","108844",6.72,"Terrestrial",NA,NA,NA
"W06J","467299","109060",8.77,"Terrestrial",NA,NA,NA
"W06K","467081","109105",16.57,"Terrestrial",NA,NA,NA
"W06L","467619","109229",7.36,"Terrestrial",NA,NA,NA
"W06M","467355","109266",5.86,"Terrestrial",NA,NA,NA
"W06N","467583","109552",12.08,"Terrestrial",NA,NA,NA
"W06P","467087","109589",10.45,"Terrestrial",NA,NA,NA
"F48F","453748","104188",12.13,"Terrestrial",NA,NA,NA
"F47A","454085","104993",14.59,"Terrestrial",NA,NA,NA
"F17J","455843","105161",3.17,"Terrestrial",NA,NA,NA
"F17M","456077","104903",44.37,"Terrestrial",NA,NA,NA
"F40","459369","105425",2.66,"Terrestrial",NA,NA,NA
"H29","470796","105051",3.09,"Terrestrial",NA,NA,NA
"H58D","473401","101981",2.58,"Terrestrial",NA,NA,NA
"C7","479072","103239",23.54,"Terrestrial",NA,NA,NA
"C26","479474","103381",4.6,"Terrestrial",NA,NA,NA
"C6","479458","103107",11.42,"Terrestrial",NA,NA,NA
"C7B","478514","103168",62.47,"Terrestrial",NA,NA,NA
"H40A","472982","100318",31.23,"Terrestrial",NA,NA,NA
"H59C","473861","103352",22.82,"Terrestrial",NA,NA,NA
"G19","459637","102412",20.17,"Terrestrial",NA,NA,NA
"P55","455021","101705",3.02,"Terrestrial",NA,NA,NA
"IOW91","447207","95467",1.41,"Terrestrial",NA,NA,NA
"F95","449365","109483",4.43,"Terrestrial",NA,NA,NA
"E17","449524","110015",0.44,"Terrestrial",NA,NA,NA
"F83","450877","105136",0.54,"Terrestrial",NA,NA,NA
"F84","452212","105668",5.18,"Terrestrial",NA,NA,NA
"F85","455254","103062",1.44,"Terrestrial",NA,NA,NA
"F86","457150","105959",0.92,"Terrestrial",NA,NA,NA
"F87","457309","106029",0.03,"Terrestrial",NA,NA,NA
"F88","458864","105971",2.37,"Terrestrial",NA,NA,NA
"F89","459176","106004",1.14,"Terrestrial",NA,NA,NA
"F90","458056","104840",1.09,"Terrestrial",NA,NA,NA
"F91","459512","105368",0.37,"Terrestrial",NA,NA,NA
"F92","458467","108023",3.74,"Terrestrial",NA,NA,NA
"G80","459691","102048",10.26,"Terrestrial",NA,NA,NA
"G79","459407","101124",0.68,"Terrestrial",NA,NA,NA
"G58","458985","100289",4.32,"Terrestrial",NA,NA,NA
"G59","461903","100329",1.95,"Terrestrial",NA,NA,NA
"F93","462159","104473",2.45,"Terrestrial",NA,NA,NA
"P131","462252","105292",0.24,"Terrestrial",NA,NA,NA
"P140","464158","104941",1.3,"Terrestrial",NA,NA,NA
"P137","464921","105343",0.25,"Terrestrial",NA,NA,NA
"H125","469087","106905",7.23,"Terrestrial",NA,NA,NA
"H113","469179","107120",3.77,"Terrestrial",0,NA,1
"P135","468856","105475",0.44,"Terrestrial",0,NA,1
"H114","471055","105429",2.2,"Terrestrial",NA,NA,NA
"C35","475946","103359",4.36,"Terrestrial",NA,NA,NA
"C37","476859","105085",0.55,"Terrestrial",NA,NA,NA
"C38","475392","105154",0.26,"Terrestrial",NA,NA,NA
"C39","475950","105162",5.5,"Terrestrial",NA,NA,NA
"C40","476259","105174",2.67,"Terrestrial",NA,NA,NA
"C41","477122","105209",9.34,"Terrestrial",NA,NA,NA
"C42","475326","105313",3.69,"Terrestrial",0,NA,1
"C43","475552","105474",5.4,"Terrestrial",NA,NA,NA
"C44","475316","105624",3.14,"Terrestrial",NA,NA,NA
"H115","474830","105575",3.9,"Terrestrial",NA,NA,NA
"C45","476236","106528",63.45,"Terrestrial",NA,NA,NA
"C46","478837","108058",7.26,"Terrestrial",NA,NA,NA
"C47","478948","108305",9.15,"Terrestrial",NA,NA,NA
"C48","478618","108632",28.47,"Terrestrial",NA,NA,NA
"H116","472542","98618",4.71,"Terrestrial",NA,NA,NA
"H117","471886","98751",1.3,"Terrestrial",NA,NA,NA
"H118","470419","98863",0.63,"Terrestrial",NA,NA,NA
"C49","477347","97755",0.02,"Terrestrial",NA,NA,NA
"C50","478286","98127",0.03,"Terrestrial",NA,NA,NA
"C51","477905","98243",0.03,"Terrestrial",NA,NA,NA
"C52","477680","98278",0.31,"Terrestrial",NA,NA,NA
"C53","477084","98259",36.41,"Terrestrial",NA,NA,NA
"C54","479008","97480",0.2,"Terrestrial",NA,NA,NA
"C55","478990","97767",11.3,"Terrestrial",NA,NA,NA
"C56","480702","96222",1.9,"Terrestrial",NA,NA,NA
"C59","481256","96715",7.37,"Terrestrial",NA,NA,NA
"C60","480219","97075",2.21,"Terrestrial",NA,NA,NA
"C61","480717","97176",3.82,"Terrestrial",NA,NA,NA
"C62","479498","97708",3.11,"Terrestrial",NA,NA,NA
"C63","480108","97574",11.37,"Terrestrial",NA,NA,NA
"C64","479688","97768",3.48,"Terrestrial",NA,NA,NA
"C65","480109","97991",5.46,"Terrestrial",NA,NA,NA
"C66","479253","98231",5.42,"Terrestrial",NA,NA,NA
"C67","479902","98376",4.55,"Terrestrial",NA,NA,NA
"C68","479555","98299",18.1,"Terrestrial",NA,NA,NA
"C69","479764","98791",4.89,"Terrestrial",NA,NA,NA
"C70","478217","98846",4.18,"Terrestrial",NA,NA,NA
"C71","478507","98915",1.49,"Terrestrial",NA,NA,NA
"C72","479915","98980",2.11,"Terrestrial",NA,NA,NA
"C73","479277","98879",8.61,"Terrestrial",NA,NA,NA
"C74","478988","98978",8.75,"Terrestrial",NA,NA,NA
"C75","478733","99062",4.86,"Terrestrial",NA,NA,NA
"C76","478360","99070",2.92,"Terrestrial",NA,NA,NA
"C77","480220","99296",2.24,"Terrestrial",NA,NA,NA
"C78","478446","99240",4.85,"Terrestrial",NA,NA,NA
"C79","478765","99392",3.76,"Terrestrial",NA,NA,NA
"C80","478490","99422",2.88,"Terrestrial",NA,NA,NA
"C81","478059","99505",1.11,"Terrestrial",NA,NA,NA
"C82","478537","99628",4.19,"Terrestrial",NA,NA,NA
"C83","478797","99647",5.88,"Terrestrial",NA,NA,NA
"C84","478227","99990",0.07,"Terrestrial",NA,NA,NA
"C85","478570","99906",6.51,"Terrestrial",NA,NA,NA
"C86","479920","100531",0.42,"Terrestrial",NA,NA,NA
"C87","479547","100736",0.04,"Terrestrial",NA,NA,NA
"C88","479637","100793",0.92,"Terrestrial",NA,NA,NA
"C89","479847","101005",4.84,"Terrestrial",NA,NA,NA
"C90","478935","96901",30.26,"Terrestrial",NA,NA,NA
"C91","481156","100233",7.26,"Terrestrial",NA,NA,NA
"C92","481407","100213",6.17,"Terrestrial",NA,NA,NA
"C94","481262","100423",1.96,"Terrestrial",NA,NA,NA
"C95","480605","100308",24.62,"Terrestrial",NA,NA,NA
"C96","481025","100452",4.39,"Terrestrial",NA,NA,NA
"C97","480764","100468",4.01,"Terrestrial",NA,NA,NA
"C98","480803","100657",3.17,"Terrestrial",NA,NA,NA
"C99","481273","100613",9.11,"Terrestrial",NA,NA,NA
"C100","480994","100729",5.21,"Terrestrial",NA,NA,NA
"C101","477987","99243",1.75,"Terrestrial",NA,NA,NA
"C102","480243","101130",1.82,"Terrestrial",NA,NA,NA
"C122","481302","102317",4.06,"Terrestrial",NA,NA,NA
"C123","481036","102241",16.39,"Terrestrial",NA,NA,NA
"C127","479204","104432",5.92,"Terrestrial",NA,NA,NA
"C128","479155","104669",4.72,"Terrestrial",NA,NA,NA
"C129","478989","104948",15.9,"Terrestrial",NA,NA,NA
"C130","479276","103566",1.24,"Terrestrial",NA,NA,NA
"C132","476912","101669",0.13,"Terrestrial",NA,NA,NA
"H126","472016","104981",0.15,"Terrestrial",NA,NA,NA
"H119","472015","105011",0.04,"Terrestrial",NA,NA,NA
"H120","471977","105029",0.58,"Terrestrial",NA,NA,NA
"H121","471892","104600",1.19,"Terrestrial",NA,NA,NA
"H122","472662","105714",0.31,"Terrestrial",NA,NA,NA
"H123","472755","105709",0.52,"Terrestrial",NA,NA,NA
"P105","464626","104370",0.21,"Terrestrial",NA,NA,NA
"P106","465017","104384",1.68,"Terrestrial",NA,NA,NA
"P107","464113","102224",0.05,"Terrestrial",NA,NA,NA
"P108","464156","102277",0.25,"Terrestrial",NA,NA,NA
"P109","464230","102487",0.09,"Terrestrial",NA,NA,NA
"P110","464496","102545",0.07,"Terrestrial",NA,NA,NA
"P111","464658","102861",0.03,"Terrestrial",NA,NA,NA
"P112","464159","102316",0.06,"Terrestrial",NA,NA,NA
"P113","463277","100965",8.47,"Terrestrial",NA,NA,NA
"P114","463724","99961",5.15,"Terrestrial",NA,NA,NA
"P115","464353","97970",1.4,"Terrestrial",NA,NA,NA
"P116","465033","98015",2.51,"Terrestrial",NA,NA,NA
"P117","465035","98073",2.06,"Terrestrial",NA,NA,NA
"P118","465094","98129",0.09,"Terrestrial",NA,NA,NA
"P133","465410","98145",2.12,"Terrestrial",NA,NA,NA
"P119","464191","98139",1.69,"Terrestrial",NA,NA,NA
"P120","465569","98325",0.92,"Terrestrial",NA,NA,NA
"P121","465501","98334",1.24,"Terrestrial",NA,NA,NA
"P122","464486","98356",6.56,"Terrestrial",NA,NA,NA
"H124","469541","98798",5.03,"Terrestrial",NA,NA,NA
"P123","466533","98833",0.34,"Terrestrial",NA,NA,NA
"P124","463364","99009",0.46,"Terrestrial",NA,NA,NA
"P125","468238","99089",0.38,"Terrestrial",NA,NA,NA
"P126","463322","99112",0.61,"Terrestrial",NA,NA,NA
"P127","468386","99424",1.13,"Terrestrial",NA,NA,NA
"P128","466582","99807",0.05,"Terrestrial",NA,NA,NA
"P129","466569","101277",1.35,"Terrestrial",NA,NA,NA
"G60","458821","98864",0.73,"Terrestrial",NA,NA,NA
"P130","460604","98861",4.06,"Terrestrial",NA,NA,NA
"G61","461414","98108",0.74,"Terrestrial",NA,NA,NA
"G62","461710","98216",1.98,"Terrestrial",NA,NA,NA
"G63","461486","98259",2.74,"Terrestrial",16.5,0,3
"G64","461784","98427",0.94,"Terrestrial",NA,NA,NA
"G65","461467","98533",1.42,"Terrestrial",NA,NA,NA
"G66","462129","99509",1.31,"Terrestrial",NA,NA,NA
"G67","456865","99609",0.02,"Terrestrial",NA,NA,NA
"G68","456617","99963",0.88,"Terrestrial",NA,NA,NA
"G69","456327","100335",0.7,"Terrestrial",NA,NA,NA
"G70","456221","100490",0.12,"Terrestrial",NA,NA,NA
"G71","456444","100772",0.01,"Terrestrial",NA,NA,NA
"G72","456142","100496",5.24,"Terrestrial",NA,NA,NA
"G73","455882","100947",0.16,"Terrestrial",NA,NA,NA
"G74","455608","101297",0.54,"Terrestrial",NA,NA,NA
"G57","455541","101282",1.43,"Terrestrial",NA,NA,NA
"G75","459470","98577",0.23,"Terrestrial",NA,NA,NA
"G76","459634","98587",0.21,"Terrestrial",NA,NA,NA
"G77","459469","98546",0.59,"Terrestrial",NA,NA,NA
"G78","461596","99895",0.6,"Terrestrial",NA,NA,NA
"P139","464305","103403",0.19,"Terrestrial",NA,NA,NA
"P136","464327","103144",1.4,"Terrestrial",NA,NA,NA
"G81","461811","99700",0.27,"Terrestrial",NA,NA,NA
"H107","472658","100724",1.08,"Terrestrial",NA,NA,NA
"C141","480201","102610",7.45,"Terrestrial",NA,NA,NA
"G82","459740","103531",5.87,"Terrestrial",NA,NA,NA
"P23A","467358","100762",1.06,"Terrestrial",1.5,0.5,4
"P55","467245","103564",0,"Terrestrial",NA,NA,NA
