Unique.code,Date,Time,Species,Count,Comments,Map.cross.ref
VP8_ARJ_21102016_CO1,21/10/2016,08:00,DB,450,Feeding,8_ARJ_21102016_SC01
VP8_ARJ_21102016_CO2,21/10/2016,08:00,CU,5,Feeding,8_ARJ_21102016_SC01
VP8_ARJ_21102016_CO3,21/10/2016,08:00,DN,30,Feeding,8_ARJ_21102016_SC01
VP8_ARJ_21102016_CO4,21/10/2016,08:00,OC,25,Feeding,8_ARJ_21102016_SC01
VP8_ARJ_21102016_CO5,21/10/2016,08:00,RK,10,Feeding,8_ARJ_21102016_SC01
VP8_ARJ_21102016_CO6,21/10/2016,08:00,WN,30,Feeding,8_ARJ_21102016_SC01
VP8_ARJ_21102016_CO7,21/10/2016,08:00,DB,40,Feeding,8_ARJ_21102016_SC02
VP8_ARJ_21102016_CO8,21/10/2016,09:00,DB,40,Feeding,8_ARJ_21102016_SC03
VP8_ARJ_21102016_CO9,21/10/2016,09:00,DB,320,Feeding,8_ARJ_21102016_SC04
VP8_ARJ_21102016_CO10,21/10/2016,09:00,CU,5,Feeding,8_ARJ_21102016_SC04
VP8_ARJ_21102016_CO11,21/10/2016,09:00,GV,2,Feeding,8_ARJ_21102016_SC04
VP8_ARJ_21102016_CO12,21/10/2016,09:00,RK,3,Feeding,8_ARJ_21102016_SC04
VP8_ARJ_21102016_CO13,21/10/2016,09:00,U.,35,Feeding,8_ARJ_21102016_SC04
VP8_ARJ_21102016_CO14,21/10/2016,09:00,WN,300,Feeding,8_ARJ_21102016_SC04
VP8_ARJ_21102016_CO15,21/10/2016,09:00,DB,290,Feeding,8_ARJ_21102016_SC05
VP8_ARJ_21102016_CO16,21/10/2016,09:00,CU,3,Feeding,8_ARJ_21102016_SC05
VP8_ARJ_21102016_CO17,21/10/2016,09:00,OC,25,Feeding,8_ARJ_21102016_SC05
VP8_ARJ_21102016_CO18,21/10/2016,09:00,RK,6,Feeding,8_ARJ_21102016_SC05
VP8_ARJ_21102016_CO19,21/10/2016,10:00,DB,20,Feeding,8_ARJ_21102016_SC06
VP8_ARJ_21102016_CO20,21/10/2016,10:00,DB,340,"Feeding, A few ringed but too distant",8_ARJ_21102016_SC07
VP8_ARJ_21102016_CO21,21/10/2016,10:00,CU,5,Feeding,8_ARJ_21102016_SC07
VP8_ARJ_21102016_CO22,21/10/2016,10:00,OC,10,Feeding,8_ARJ_21102016_SC07
VP8_ARJ_21102016_CO23,21/10/2016,10:00,U.,50,Feeding,8_ARJ_21102016_SC07
VP8_ARJ_21102016_CO24,21/10/2016,10:00,WN,350,Feeding,8_ARJ_21102016_SC07
VP8_ARJ_21102016_CO25,21/10/2016,10:00,DB,400,Feeding,8_ARJ_21102016_SC08
VP8_ARJ_21102016_CO26,21/10/2016,10:00,CU,5,Feeding,8_ARJ_21102016_SC08
VP8_ARJ_21102016_CO27,21/10/2016,10:00,OC,25,Feeding,8_ARJ_21102016_SC08
VP8_ARJ_21102016_CO28,21/10/2016,10:00,U.,100,,8_ARJ_21102016_SC08
VP8_ARJ_21102016_CO29,21/10/2016,11:00,DB,30,Feeding,8_ARJ_21102016_SC09
VP8_ARJ_21102016_CO30,21/10/2016,11:00,DB,470,Feeding,8_ARJ_21102016_SC10
VP8_ARJ_21102016_CO31,21/10/2016,11:00,GV,4,Feeding,8_ARJ_21102016_SC10
VP8_ARJ_21102016_CO32,21/10/2016,11:00,DB,196,Feeding + Roosting,8_ARJ_21102016_SC11
VP8_ARJ_21102016_CO33,21/10/2016,11:00,CU,7,Feeding,8_ARJ_21102016_SC11
VP8_ARJ_21102016_CO34,21/10/2016,11:00,OC,38,Feeding,8_ARJ_21102016_SC11
VP8_ARJ_21102016_CO35,21/10/2016,12:00,DB,470,Feeding,8_ARJ_21102016_SC12
VP8_ARJ_21102016_CO36,21/10/2016,12:00,GV,4,Feeding,8_ARJ_21102016_SC12
VP8_ARJ_21102016_CO37,21/10/2016,12:00,OC,1,Feeding,8_ARJ_21102016_SC12
VP8_ARJ_21102016_CO38,21/10/2016,12:00,DB,270,Feeding,8_ARJ_21102016_SC13
VP8_ARJ_21102016_CO39,21/10/2016,12:00,CU,5,Feeding,8_ARJ_21102016_SC13
VP8_ARJ_21102016_CO40,21/10/2016,12:00,OC,37,Feeding,8_ARJ_21102016_SC13
VP8_ARJ_21102016_CO41,21/10/2016,12:00,DB,30,Feeding,8_ARJ_21102016_SC14
ROAM_DS_31102016_SC1,31/10/2016,11:20,DB,21,Swimming,G51
ROAM_DS_31102016_SC2,31/10/2016,11:20,DB,10,Swimming,G38
ROAM_DS_31102016_SC3,31/10/2016,11:20,LG,2,Feeding,G51
ROAM_DS_31102016_SC4,31/10/2016,11:20,BH,1,Roosting on water,G51
ROAM_DS_31102016_SC5,31/10/2016,11:20,BH,8,Roosting on wrecks,G43
ROAM_DS_31102016_SC6,31/10/2016,11:20,CM,1,Roosting on wrecks,G39
ROAM_DS_31102016_SC7,31/10/2016,11:20,BH,12,Roosting on water,G38
ROAM_DS_31102016_SC8,31/10/2016,11:25,RK,54,Roosting on wrecks,G39
ROAM_DS_31102016_SC9,31/10/2016,11:26,CA,1,Feeding,G51
ROAM_DS_31102016_SC10,31/10/2016,11:46,GB,1,Disused pier - roosting,G40
ROAM_DS_31102016_SC11,31/10/2016,11:46,HG,1,Disused pier - roosting,G40
ROAM_DS_31102016_SC12,31/10/2016,11:46,CA,10,Disused pier - roosting,G40
ROAM_DS_31102016_SC13,31/10/2016,11:46,OC,2,Disused pier - roosting,G40
ROAM_DS_31102016_SC14,31/10/2016,12:10,RK,29,Roosting on wrecks,G43
ROAM_DS_31102016_SC15,31/10/2016,12:10,BH,18,roosting on water,G43
ROAM_DS_31102016_SC16,31/10/2016,12:10,BH,31,roosting on water just off parham road,G38
ROAM_DS_31102016_SC17,31/10/2016,12:10,HG,2,roosting on water just off parham road,G38
ROAM_DS_31102016_SC18,31/10/2016,12:20,BH,1,feeding - st vincent playing field,G47
,31/10/2016,12:27,None,0,NO BIRDS Arden Park,GO3
ROAM_DS_31102016_SC19,31/10/2016,12:35,MS,4,,G54
ROAM_DS_31102016_SC20,31/10/2016,12:35,BH,147,R/F walpole park,G54
ROAM_DS_31102016_SC21,31/10/2016,12:35,HG,7,R/F walpole park,G54
ROAM_DS_31102016_SC22,31/10/2016,12:35,CM,2,R/F walpole park,G54
ROAM_DS_31102016_SC23,31/10/2016,12:35,CG,10,,G54
ROAM_DS_31102016_SC24,31/10/2016,12:35,RM,1,Roosting Haslar Lake,G45
ROAM_DS_31102016_SC25,31/10/2016,12:50,BH,47,Roosting Haslar Lake,G45
ROAM_DS_31102016_SC26,31/10/2016,12:50,HG,2,Roosting Haslar Lake,G45
ROAM_DS_31102016_SC27,31/10/2016,12:50,CA,5,Roosting,G45
ROAM_DS_31102016_SC28,31/10/2016,12:50,HG,15,Roosting,G45
ROAM_DS_31102016_SC29,31/10/2016,12:50,CM,1,Roosting,G45
ROAM_DS_31102016_SC30,31/10/2016,12:50,LG,1,Feeding,G45
ROAM_DS_31102016_SC31,31/10/2016,13:00,RK,12,Roosting on concrete piers,G41
ROAM_DS_31102016_SC32,31/10/2016,13:00,CM,4,Roosting on concrete piers,G41
ROAM_DS_31102016_SC33,31/10/2016,13:00,BH,9,Roosting on concrete piers,G41
ROAM_DS_31102016_SC34,31/10/2016,13:00,H.,1,Roosting on concrete piers,G41
ROAM_DS_31102016_SC35,31/10/2016,13:15,DB,16,Feeding march at tip of Gosport park,G46
ROAM_DS_31102016_SC36,31/10/2016,13:15,MA,2,Roosting,G46
ROAM_DS_31102016_SC37,31/10/2016,13:15,BH,7,Roosting,G46
ROAM_DS_31102016_SC38,31/10/2016,13:20,CM,1,Roosting on water - workhouse lake,G46
ROAM_DS_31102016_SC39,31/10/2016,13:20,BH,12,Roosting on water - workhouse lake,G46
ROAM_DS_31102016_SC40,31/10/2016,13:25,MA,17,Feeding on upper work house lake,
ROAM_DS_31102016_SC41,31/10/2016,13:25,BH,25,Roosting on water ,
ROAM_DS_31102016_SC42,31/10/2016,13:25,HG,6,Roosting on water,
ROAM_DS_31102016_SC43,31/10/2016,13:25,CM,1,Roosting on water,
ROAM_DS_31102016_SC44,31/10/2016,13:30,BH,1,,G05
ROAM_DS_31102016_SC45,31/10/2016,13:33,BH,19,Roosting on Island,G42
ROAM_DS_31102016_SC46,31/10/2016,13:33,HG,3,,G42
ROAM_DS_31102016_SC47,31/10/2016,13:33,CM,2,,G42
ROAM_DS_31102016_SC48,31/10/2016,13:33,H.,1,,G42
ROAM_DS_31102016_SC49,31/10/2016,13:33,BH,28,Roosting on water,G42
ROAM_DS_31102016_SC50,31/10/2016,13:33,HG,4,Roosting on water,G42
ROAM_DS_31102016_SC51,31/10/2016,13:35,MA,8,Roosting,G52
ROAM_DS_31102016_SC52,31/10/2016,13:35,HG,1,Roosting,G52
ROAM_DS_31102016_SC53,31/10/2016,13:35,BH,5,Roosting,G52
,31/10/2016,13:50,None,0,NO BIRDS,G11
,31/10/2016,13:50,None,0,NO BIRDS,G31
ROAM_DS_31102016_SC54,31/10/2016,13:50,HG,17,Gilkicker lake,G50
ROAM_DS_31102016_SC55,31/10/2016,13:50,BH,9,,G50
,31/10/2016,13:52,None,0,NO BIRDS,G23C
,31/10/2016,13:55,None,0,NO BIRDS,G23A
ROAM_DS_31102016_SC56,31/10/2016,13:55,HG,11,Roosting,G53
ROAM_DS_31102016_SC57,31/10/2016,13:55,BH,7,Roosting,G53
ROAM_DS_31102016_SC58,31/10/2016,13:58,BH,3,Foraging,G16
ROAM_DS_31102016_SC59,31/10/2016,14:00,BH,17,Roosting on beach and water,G37
,31/10/2016,14:00,None,0,NO BIRDS,G49
ROAM_DS_31102016_SC60,31/10/2016,14:05,DB,39,4 flew east,G37
,31/10/2016,11:30,None,0,NA,P48A
,31/10/2016,11:30,None,0,NA,P48B
,31/10/2016,11:30,None,0,NA,P48C
,31/10/2016,11:21,,NA,NA,PF
VP15_TC_31102016_CO1,31/10/2016,11:40,DB,54,NA,P1
VP15_TC_31102016_CO2,31/10/2016,11:40,BW,5,NA,P1
VP15_TC_31102016_CO3,31/10/2016,11:40,HG,7,NA,P2
VP15_TC_31102016_CO4,31/10/2016,11:40,TT,35,NA,P2
VP15_TC_31102016_CO5,31/10/2016,12:00,DB,13,NA,P3
VP15_TC_31102016_CO6,31/10/2016,12:00,BH,62,NA,P3
VP15_TC_31102016_CO7,31/10/2016,12:00,CG,3,NA,P3
VP15_TC_31102016_CO8,31/10/2016,12:00,HG,1,NA,P3
VP15_TC_31102016_CO9,31/10/2016,12:40,BH,2,NA,P3
VP15_TC_31102016_CO10,31/10/2016,12:45,DB,8,NA,P4
VP15_TC_31102016_CO11,31/10/2016,12:55,DB,35,NA,P5
VP15_TC_31102016_CO12,31/10/2016,13:10,DB,459,NA,P6
VP15_TC_31102016_CO13,31/10/2016,13:10,BW,100,NA,P6
VP15_TC_31102016_CO14,31/10/2016,13:10,GG,3,NA,P6
VP15_TC_31102016_CO15,31/10/2016,13:10,RM,15,NA,P7
VP15_TC_31102016_CO16,31/10/2016,13:10,DB,38,NA,P7
,31/10/2016,13:20,None,0,NA,F04
VP15_TC_31102016_CO17,31/10/2016,13:40,DB,113,NA,P5
VP15_TC_31102016_CO18,31/10/2016,13:45,CG,10,NA,P8
VP15_TC_31102016_CO19,31/10/2016,14:30,DB,54,NA,P1
VP15_TC_31102016_CO20,31/10/2016,14:30,CA,2,NA,P1
VP15_TC_31102016_CO21,31/10/2016,14:30,BH,86,NA,P1
VP15_TC_31102016_CO22,31/10/2016,14:30,CG,21,NA,P1
VP15_TC_31102016_CO23,31/10/2016,14:30,HG,18,NA,P1
VP15_TC_31102016_CO24,31/10/2016,14:30,ML,2,NA,P1
VP15_TC_31102016_CO25,31/10/2016,14:30,BW,5,NA,P1
VP15_TC_31102016_CO26,31/10/2016,14:30,ET,3,NA,P1
VP15_TC_31102016_CO27,31/10/2016,14:30,CU,1,NA,P1
VP15_TC_31102016_CO28,31/10/2016,15:20,RK,79,NA,P9
VP15_TC_31102016_CO29,31/10/2016,15:20,CU,4,NA,P9
VP15_TC_31102016_CO30,31/10/2016,15:20,DB,9,NA,P9
VP15_TC_31102016_CO31,31/10/2016,15:20,BH,76,NA,P9
VP15_TC_31102016_CO32,31/10/2016,15:20,HG,36,NA,P9
VP15_TC_31102016_CO33,31/10/2016,15:20,CG,10,NA,P9
VP15_TC_31102016_CO34,31/10/2016,15:20,BW,12,NA,P9
VP15_TC_31102016_CO35,31/10/2016,15:20,GK,1,NA,P9
VP15_TC_31102016_CO36,31/10/2016,15:20,RK,2,NA,P9
VP15_TC_31102016_CO37,31/10/2016,16:10,ET,5,NA,P9
,31/10/2016,15:50,None,0,NA,P40
VP11_ER_09112016_CO1,09/11/2016,06:45,CU,12,On shingle spit,CO1
VP11_ER_09112016_CO2,09/11/2016,06:45,RK,25,On shingle spit,CO1
VP11_ER_09112016_CO3,09/11/2016,06:45,WN,5,On shingle spit,CO1
VP11_ER_09112016_CO4,09/11/2016,06:45,DN,30,On shingle spit,CO1
VP11_ER_09112016_CO5,09/11/2016,07:00,DB,50,Saltmarsh spit ,CO2
VP11_ER_09112016_CO6,09/11/2016,07:00,RK,30,Saltmarsh spit ,CO2
VP11_ER_09112016_CO7,09/11/2016,07:00,SU,6,Saltmarsh spit ,CO2
VP11_ER_09112016_CO8,09/11/2016,07:25,DB,2,Saltmarsh,CO3
VP11_ER_09112016_CO9,09/11/2016,07:25,RK,5,Saltmarsh,CO3
VP11_ER_09112016_CO10,09/11/2016,07:25,GV,1,Saltmarsh,CO3
VP11_ER_09112016_CO11,09/11/2016,07:25,CU,2,Saltmarsh,CO3
VP11_ER_09112016_CO12,09/11/2016,08:00,RK,22,feeding on saltmarsh,CO4
VP11_ER_09112016_CO13,09/11/2016,08:00,CU,5,feeding on saltmarsh,CO4
VP11_ER_09112016_CO14,09/11/2016,08:00,T.,6,feeding on saltmarsh,CO4
VP11_ER_09112016_CO15,09/11/2016,08:00,OC,2,feeding on saltmarsh,CO4
VP11_ER_09112016_CO16,09/11/2016,08:00,GV,2,feeding on saltmarsh,CO4
VP11_ER_09112016_CO17,09/11/2016,09:00,L.,50,feeding on mudflat,CO5
VP11_ER_09112016_CO18,09/11/2016,09:00,RK,6,feeding on mudflat,CO5
VP11_ER_09112016_CO19,09/11/2016,09:55,DB,25,,CO6
VP11_ER_09112016_CO20,09/11/2016,10:00,CU,2,feeding on mudflat,CO7
VP11_ER_09112016_CO21,09/11/2016,10:00,RK,3,feeding on mudflat,CO7
VP11_ER_09112016_CO22,09/11/2016,10:00,GV,1,feeding on mudflat,CO7
VP11_ER_09112016_CO23,09/11/2016,10:15,DB,100,feeding ,CO8
,09/11/2016,10:45,None,0,stubble,CO9
VP11_ER_09112016_CO24,09/11/2016,10:55,MA,3,CGM,C10D
VP11_ER_09112016_CO25,09/11/2016,10:55,T.,27,CGM,C10A
VP11_ER_09112016_CO26,09/11/2016,11:20,CG,200,CGM,C25
VP11_ER_09112016_CO27,09/11/2016,11:20,DB,15,CGM,C25
VP11_ER_09112016_CO28,09/11/2016,11:40,DB,4,"Roosting on sea in harbour, largerst group in front of castle",C10FA
VP16_DS_30112016_CO1,30/11/2016,10:00,RK,35,ME flew 50m landed,A
VP16_DS_30112016_CO2,30/11/2016,10:00,DB,68,,A
VP16_DS_30112016_CO3,30/11/2016,10:00,OC,7,,A
VP16_DS_30112016_CO4,30/11/2016,10:00,GV,10,,A
VP16_DS_30112016_CO5,30/11/2016,10:00,CG,19,,P10A
VP16_DS_30112016_CO6,30/11/2016,10:00,WN,25,,C
VP16_DS_30112016_CO7,30/11/2016,10:00,AV,29,,D
VP16_DS_30112016_CO8,30/11/2016,10:00,SU,26,,C
VP16_DS_30112016_CO9,30/11/2016,10:00,PT,17,,C
VP16_DS_30112016_CO10,30/11/2016,11:25,RK,40,Main lake - roosting,P10H
VP16_DS_30112016_CO11,30/11/2016,10:20,T.,120,Main lake,P10H
VP16_DS_30112016_CO12,30/11/2016,10:20,ET,1,Main lake - roosting,P10H
VP16_DS_30112016_CO13,30/11/2016,10:20,RK,9,Main lake - roosting,P10H
VP16_DS_30112016_CO14,30/11/2016,10:20,DB,360,On the water,E
VP16_DS_30112016_CO15,30/11/2016,10:20,T.,90,On the water,E
VP16_DS_30112016_CO16,30/11/2016,10:20,L.,43,,P10L
VP16_DS_30112016_CO17,30/11/2016,10:20,CU,1,,P73
VP16_DS_30112016_CO18,30/11/2016,10:20,TT,36,,P73
VP16_DS_30112016_CO19,30/11/2016,10:20,RK,25,,P73
VP16_DS_30112016_CO20,30/11/2016,10:20,DN,1200,,P73
VP16_DS_30112016_CO21,30/11/2016,11:00,DN,1500,Island on West Spit,P73
VP16_DS_30112016_CO22,30/11/2016,11:00,H.,1000,,P73
VP16_DS_30112016_CO23,30/11/2016,11:00,CU,30,,P73
VP16_DS_30112016_CO24,30/11/2016,11:00,SV,40,,P73
VP16_DS_30112016_CO25,30/11/2016,11:15,CG,40,Middle Mast,P10L
VP16_DS_30112016_CO26,30/11/2016,11:15,DB,200,,P10L
VP16_DS_30112016_CO27,30/11/2016,11:15,CG,100,,P10D
VP16_DS_30112016_CO28,30/11/2016,11:15,DB,100,,P10D
VP16_DS_30112016_CO29,30/11/2016,10:30,DB,460,Off point,H71/H72
VP16_DS_30112016_CO30,30/11/2016,10:30,WN,23,Off point,H71/H72
VP16_DS_30112016_CO31,30/11/2016,10:30,RM,26,,H71/H72
VP16_DS_30112016_CO32,30/11/2016,10:30,CU,1,,H71/H72
VP16_DS_30112016_CO33,30/11/2016,10:30,DN,4000,,H71/H72
VP16_DS_30112016_CO34,30/11/2016,10:30,OC,130,,H71/H72
VP16_DS_30112016_CO35,30/11/2016,10:30,CU,120,,H71/H72
VP16_DS_30112016_CO36,30/11/2016,11:00,SU,40,,P10I
VP16_DS_30112016_CO37,30/11/2016,11:00,WN,300,,P10I
VP9_ER_30112016_CO1,30/11/2016,10:15,BA,36,"Shingle spit, pre roost ",CO1
VP9_ER_30112016_CO2,30/11/2016,10:15,L.,2,,CO1
VP9_ER_30112016_CO3,30/11/2016,10:15,DN,350,,CO1
VP9_ER_30112016_CO4,30/11/2016,10:15,CU,20,,CO1
VP9_ER_30112016_CO5,30/11/2016,10:15,CG,7,,CO1
VP9_ER_30112016_CO6,30/11/2016,10:15,OC,23,,CO1
VP9_ER_30112016_CO7,30/11/2016,10:15,RP,25,,CO1
VP9_ER_30112016_CO8,30/11/2016,10:15,GV,23,,CO1
VP9_ER_30112016_CO9,30/11/2016,10:15,GP,25,,CO1
VP9_ER_30112016_CO10,30/11/2016,10:20,CU,1,,H85
VP9_ER_30112016_CO11,30/11/2016,10:20,OC,26,,H85
VP9_ER_30112016_CO12,30/11/2016,10:20,RK,15,,H85
VP9_ER_30112016_CO13,30/11/2016,10:20,DB,3,,H85
VP9_ER_30112016_CO14,30/11/2016,10:20,SU,2,,H85
VP9_ER_30112016_CO15,30/11/2016,10:45,DB,700,Rosting on water,CO2
VP9_ER_30112016_CO16,30/11/2016,11:10,DB,74,,CO3
16_DS_21122016_CO1,21/12/2016,12:30,PT,55,resting/feeding on lake,P10H
16_DS_21122016_CO2,21/12/2016,12:35,DB,36,On main lake,P10H
16_DS_21122016_CO3,21/12/2016,14:35,DB,166,Feeding on mud just offshore,A
16_DS_21122016_CO4,21/12/2016,14:35,T.,18,Feeding on mud just offshore,A
16_DS_21122016_CO5,21/12/2016,14:35,PT,23,Feeding on mud just offshore,A
16_DS_21122016_CO6,21/12/2016,15:00,OC,80,Roosting,H71
16_DS_21122016_CO7,21/12/2016,15:15,Gulls,450,Gulls arriving at roost D from all directions increasing. ,D
16_DS_16122016_CO1,16/12/2016,10:00,DB,180,Feeding on exposed mudflats at A,A
16_DS_16122016_CO2,16/12/2016,10:00,RP,92,Feeding on exposed mudflats at A,A
16_DS_16122016_CO3,16/12/2016,10:00,PT,42,Feeding on exposed mudflats at A,A
16_DS_16122016_CO4,16/12/2016,10:00,OC,38,Feeding on exposed mudflats at A,A
16_DS_16122016_CO5,16/12/2016,10:00,RK,17,Feeding on exposed mudflats at A,A
16_DS_16122016_CO6,16/12/2016,10:00,CU,12,Feeding on exposed mudflats at A,A
16_DS_16122016_CO7,16/12/2016,10:00,T.,210,Feeding on exposed mudflats at A,A
16_DS_16122016_CO8,16/12/2016,10:20,BW,600,Main Lake Roost,P10H
16_DS_16122016_CO9,16/12/2016,10:20,PT,62,Main Lake Roost,P10H
16_DS_16122016_CO10,16/12/2016,10:20,DB,230,Main Lake Roost,P10H
16_DS_16122016_CO11,16/12/2016,10:20,L.,65,Main Lake Roost,P10H
16_DS_16122016_CO12,16/12/2016,10:20,RK,46,Main Lake Roost,P10H
16_DS_16122016_CO13,16/12/2016,10:20,MA,36,Main Lake Roost,P10H
16_DS_16122016_CO14,16/12/2016,10:20,SU,14,Main Lake Roost,P10H
16_DS_16122016_CO15,16/12/2016,10:55,DN,3000,,P73
16_DS_16122016_CO16,16/12/2016,10:55,GV,170,,P73
16_DS_16122016_CO17,16/12/2016,10:55,OC,260,,P73
16_DS_16122016_CO18,16/12/2016,10:55,CU,55,,P73
16_DS_16122016_CO19,16/12/2016,10:55,RP,40,,P73
16_DS_16122016_CO20,16/12/2016,11:00,H.,3,,P73
16_DS_19012017_CO1,19/01/2017,13:30,SU,13,Feeding along channel,Amap6
16_DS_19012017_CO2,19/01/2017,13:30,PT,14,Feeding along channel,Amap6
16_DS_19012017_CO3,19/01/2017,13:30,DN,1000,Feeding along channel,Amap6
16_DS_19012017_CO4,19/01/2017,14:15,PT,72,Feeding,Bmap6
16_DS_19012017_CO5,19/01/2017,14:15,SV,18,Feeding,Bmap6
16_DS_19012017_CO6,19/01/2017,14:15,T.,140,Feeding,Bmap6
NH_JN_30112016_CO1,30/11/2016,10:05,DB,4,NA,CO1
NH_JN_30112016_CO2,30/11/2016,10:05,OC,1,NA,CO1
NH_JN_30112016_CO3,30/11/2016,10:05,RK,12,NA,CO1
NH_JN_30112016_CO4,30/11/2016,10:05,RK,4,NA,H62A
NH_JN_30112016_CO5,30/11/2016,10:05,ET,1,NA,H73A
NH_JN_30112016_CO6,30/11/2016,10:10,DB,18,NA,H73A
NH_JN_30112016_CO7,30/11/2016,10:10,H.,2,NA,H73A
NH_JN_30112016_CO8,30/11/2016,10:10,OC,13,NA,H73A
NH_JN_30112016_CO9,30/11/2016,10:10,GV,8,NA,H73A
NH_JN_30112016_CO10,30/11/2016,10:10,KF,1,NA,H73A
NH_JN_30112016_CO11,30/11/2016,10:10,CU,1,NA,H73A
NH_JN_30112016_CO12,30/11/2016,10:10,RK,4,NA,H73A
NH_JN_30112016_CO13,30/11/2016,10:10,GG,1,NA,H73A
NH_JN_30112016_CO14,30/11/2016,10:30,BW,118,NA,H76
NH_JN_30112016_CO15,30/11/2016,10:30,DB,250,NA,H76
NH_JN_30112016_CO16,30/11/2016,10:30,RK,50,NA,H76
NH_JN_30112016_CO17,30/11/2016,10:30,TT,28,NA,H76
NH_JN_30112016_CO18,30/11/2016,10:50,L.,5,NA,H62B
NH_JN_30112016_CO19,30/11/2016,11:00,CU,2,NA,H73A
NH_JN_30112016_CO20,30/11/2016,11:05,No Birds,0,NA,H61
NH_JN_30112016_CO21,30/11/2016,11:10,DN,2000,NA,
NH_JN_30112016_CO22,30/11/2016,11:10,OC,200,NA,
NH_JN_30112016_CO23,30/11/2016,11:10,DB,3,NA,
NH_JN_30112016_CO24,30/11/2016,11:10,TT,50,NA,
NH_JN_30112016_CO25,30/11/2016,11:10,ET,1,NA,
NH_JN_30112016_CO26,30/11/2016,11:20,DB,60,NA,
NH_JN_30112016_CO27,30/11/2016,11:25,RK,4,NA,
NH_JN_30112016_CO28,30/11/2016,11:30,DB,40,NA,H76
NH_JN_30112016_CO29,30/11/2016,12:35,DB,329,NA,
NH_JN_30112016_CO30,30/11/2016,12:37,RK,1,NA,
NH_JN_30112016_CO31,30/11/2016,12:40,CU,1,NA,
VP7_ER_21102016_CO1,21/10/2016,07:30,DB,20,,7_ER_21102016_SC01
VP7_ER_21102016_CO2,21/10/2016,07:30,WN,150,,7_ER_21102016_SC01
VP7_ER_21102016_CO3,21/10/2016,07:30,DB,75,Feeding on Zostera,7_ER_21102016_SC02
VP7_ER_21102016_CO4,21/10/2016,07:30,H,1,,7_ER_21102016_SC02
VP7_ER_21102016_CO5,21/10/2016,07:30,L.,15,,7_ER_21102016_SC03
VP7_ER_21102016_CO6,21/10/2016,07:30,WN,300,Feeding on Zostera,7_ER_21102016_SC03
VP7_ER_21102016_CO7,21/10/2016,07:30,DB,NA,,7_ER_21102016_SC04
VP7_ER_21102016_CO8,21/10/2016,08:30,CU,1,,7_ER_21102016_SC05
VP7_ER_21102016_CO9,21/10/2016,08:30,DB,41,Intertidal/Saltmarsh - Brent ages - total 41 -  2 Juv - 2 broods ,7_ER_21102016_SC05
VP7_ER_21102016_CO10,21/10/2016,08:30,ET,1,,7_ER_21102016_SC05
VP7_ER_21102016_CO11,21/10/2016,08:30,WN,60,,7_ER_21102016_SC05
VP7_ER_21102016_CO12,21/10/2016,08:30,DB,65,,7_ER_21102016_SC06
VP7_ER_21102016_CO13,21/10/2016,08:30,CU,1,,7_ER_21102016_SC07
VP7_ER_21102016_CO14,21/10/2016,08:30,DB,200,,7_ER_21102016_SC08
VP7_ER_21102016_CO15,21/10/2016,08:30,MS,2,,7_ER_21102016_SC08
VP7_ER_21102016_CO16,21/10/2016,09:30,CU,2,Feeding,7_ER_21102016_SC09
VP7_ER_21102016_CO17,21/10/2016,09:30,DB,44,Feeding on Zostera,7_ER_21102016_SC09
VP7_ER_21102016_CO18,21/10/2016,09:30,WN,92,Feeding on Zostera,7_ER_21102016_SC09
VP7_ER_21102016_CO19,21/10/2016,09:30,DB,350,Feeding on Zostera,7_ER_21102016_SC10
VP7_ER_21102016_CO20,21/10/2016,09:30,MS,2,Roosting,7_ER_21102016_SC10
VP7_ER_21102016_CO21,21/10/2016,09:30,CU,2,Feeding,7_ER_21102016_SC11
VP7_ER_21102016_CO22,21/10/2016,09:30,OC,3,Feeding,7_ER_21102016_SC11
VP7_ER_21102016_CO23,21/10/2016,09:30,DB,129,Feeding on Zostera,7_ER_21102016_SC12
VP7_ER_21102016_CO24,21/10/2016,10:30,CU,2,Feeding,7_ER_21102016_SC13
VP7_ER_21102016_CO25,21/10/2016,10:30,CU,2,,7_ER_21102016_SC14
VP7_ER_21102016_CO26,21/10/2016,10:30,GK,1,,7_ER_21102016_SC14
VP7_ER_21102016_CO27,21/10/2016,10:30,OC,1,,7_ER_21102016_SC14
VP7_ER_21102016_CO28,21/10/2016,10:30,RK,6,,7_ER_21102016_SC14
VP7_ER_21102016_CO29,21/10/2016,10:30,DB,146,"Juv 20, Brood 123 ",7_ER_21102016_SC15
VP7_ER_21102016_CO30,21/10/2016,11:30,CU,4,,7_ER_21102016_SC16
VP7_ER_21102016_CO31,21/10/2016,11:30,DB,2,,7_ER_21102016_SC17
VP7_ER_21102016_CO32,21/10/2016,11:30,DB,2,,7_ER_21102016_SC18
VP7_ER_21102016_CO33,21/10/2016,11:30,DB,180,,7_ER_21102016_SC19
VP7_ER_21102016_CO34,21/10/2016,11:30,MS,2,,7_ER_21102016_SC19
VP7_ER_21102016_CO35,21/10/2016,11:30,CU,1,,7_ER_21102016_SC20
VP7_ER_21102016_CO36,21/10/2016,11:30,GV,2,,7_ER_21102016_SC20
VP7_ER_21102016_CO37,21/10/2016,11:30,OC,1,,7_ER_21102016_SC20
VP7_ER_21102016_CO38,21/10/2016,11:30,RK,2,,7_ER_21102016_SC20
VP7_ER_21102016_CO39,21/10/2016,11:30,WM,1,,7_ER_21102016_SC20
VP7_ER_21102016_CO40,21/10/2016,11:30,CU,1,,7_ER_21102016_SC21
VP7_ER_21102016_CO41,21/10/2016,11:30,DB,150,,7_ER_21102016_SC21
JS_HO_16122016_CO1,16/12/2016,09:55,DB,5,NA,NA
JS_HO_16122016_CO2,16/12/2016,10:04,DN,2,NA,NA
16_DS_14022017_CO1,14/02/17,11:05,DB,150,Feeding on mud,NA
16_DS_14022017_CO2,14/02/17,11:05,OC,4,Feeding on mud,NA
16_DS_14022017_CO3,14/02/17,11:05,DB,10,Feeding on mud,NA
16_DS_14022017_CO4,14/02/17,11:05,PT,14,Feeding on mud,NA
16_DS_14022017_CO5,14/02/17,11:05,CU,1,Feeding on mud,NA
16_DS_14022017_CO6,14/02/17,11:05,DN,350,Feeding on mud,NA
16_DS_14022017_CO7,14/02/17,11:05,L.,35,Feeding on mud,NA
16_DS_14022017_CO8,14/02/17,11:05,TT,8,Feeding on mud,NA
16_DS_14022017_CO9,14/02/17,11:05,GV,12,Feeding on mud,NA
16_DS_14022017_CO10,14/02/17,11:15,PT,65,Feeding on and waterline,NA
16_DS_14022017_CO11,14/02/17,11:15,GN,1,Diving in channel,NA
16_DS_14022017_CO12,14/02/17,11:30,DB,29,Feeding,NA
16_DS_14022017_CO13,14/02/17,11:30,DN,400,Feeding,NA
16_DS_14022017_CO14,14/02/17,11:30,OC,65,Feeding,NA
16_DS_14022017_CO15,14/02/17,11:30,GV,150,Feeding,NA
16_DS_14022017_CO16,14/02/17,11:50,DN,4500,Huge numbers of waders feeding north of P73. Steadily moving towards the island as the tide was rising,NA
NA,14/03/17,09:28,DB,143,Feeding,NA
NA,14/03/17,09:28,MA,2,"""",NA
NA,14/03/17,09:28,GV,15,"""",NA
NA,14/03/17,09:28,CU,7,"""",NA
NA,14/03/17,09:28,DN,220,"""",NA
NA,14/03/17,09:28,T.,13,"""",NA
NA,14/03/17,09:28,PT,18,"""",NA
NA,14/03/17,09:28,MS,2,"""",NA
NA,14/03/17,09:28,SV,11,"""",NA
NA,14/03/17,09:28,BW,1,"""",NA
NA,14/03/17,09:28,RK,18,"""",NA
NA,14/03/17,09:28,L.,1,"""",NA
NA,14/03/17,09:40,DB,650,Feeding between The Deeps & Point field,NA
NA,14/03/17,09:40,CU,3,Feeding,NA
NA,14/03/17,09:40,DB,58,"""",NA
NA,14/03/17,09:40,SU,4,"""",NA
NA,14/03/17,09:40,PT,4,"""",NA
NA,14/03/17,10:30,DN,55,F,NA
NA,14/03/17,10:30,T.,9,F,NA
NA,14/03/17,10:30,SV,2,F,NA
NA,14/03/17,10:35,CU,1,F,NA
NA,14/03/17,10:35,OC,5,F,NA
NA,14/03/17,10:35,PT,6,F,NA
NA,14/03/17,10:40,OC,17,F,NA
NA,14/03/17,10:40,CU,26,F,NA
NA,14/03/17,10:40,SU,9,F,NA
NA,14/03/17,10:40,DB,22,F,NA
NA,14/03/17,10:50,PT,10,F,NA
NA,14/03/17,10:50,OC,22,F,NA
NA,14/03/17,10:50,SU,32,F,NA
NA,14/03/17,10:50,MS,2,F,NA
NA,14/03/17,10:50,WN,45,F,NA
NA,14/03/17,11:05,WN,35,F,NA
NA,14/03/17,11:05,MA,4,F,NA
NA,14/03/17,11:05,DB,320,F on grassland south of Main Lake,NA
NA,14/03/17,11:15,T.,185,Mainly roosting on Main Lake,NA
NA,14/03/17,11:15,DB,142,"""",NA
NA,14/03/17,11:15,BW,300,"""",NA
NA,14/03/17,11:15,BH,5,"""",NA
NA,14/03/17,11:15,PT,54,"""",NA
NA,14/03/17,11:15,GK,5,"""",NA
NA,14/03/17,11:15,RK,34,"""",NA
NA,14/03/17,11:15,OC,1,"""",NA
NA,14/03/17,11:15,L.,1,"""",NA
NA,14/03/17,11:20,DB,64,Mainly roosting on protruding saltmarsh. DB feeding.,NA
NA,14/03/17,11:20,L.,1,"""",NA
NA,14/03/17,11:20,GV,3,"""",NA
NA,14/03/17,11:20,OC,4,"""",NA
NA,14/03/17,11:20,CM,1,"""",NA
NA,14/03/17,11:20,RK,3,"""",NA
NA,14/03/17,11:20,BH,12,On the water,NA
NA,27/03/17,08:30,PT,2,Feeding on mud,NA
NA,27/03/17,08:30,CU,11,"""",NA
NA,27/03/17,08:30,RK,14,"""",NA
NA,27/03/17,08:30,GV,36,"""",NA
NA,27/03/17,08:30,SU,11,"""",NA
NA,27/03/17,08:30,MU,2,"""",NA
NA,27/03/17,08:30,OC,5,"""",NA
NA,27/03/17,08:45,CU,3,"""",NA
NA,27/03/17,08:45,PT,2,"""",NA
NA,27/03/17,08:45,OC,3,"""",NA
NA,27/03/17,08:45,RK,2,"""",NA
NA,27/03/17,09:00,PT,3,"""",NA
NA,27/03/17,09:00,CU,2,,NA
NA,27/03/17,09:00,OC,5,"""",NA
NA,27/03/17,09:30,SU,2,"""",NA
NA,27/03/17,09:30,CU,7,"""",NA
NA,27/03/17,09:30,DB,67,"""",NA
NA,27/03/17,09:40,ET,3,F,NA
NA,27/03/17,09:40,OC,5,F,NA
NA,27/03/17,09:40,CU,4,F,NA
NA,27/03/17,10:10,DB,108,Feeding on shore of island,NA
NA,27/03/17,10:50,RK,138,Mainly roosting on Main Lake,NA
NA,27/03/17,10:50,GK,3,"""",NA
NA,27/03/17,10:50,DN,45,"""",NA
NA,27/03/17,10:50,BW,300,"""",NA
NA,27/03/17,10:50,L.,13,"""",NA
NA,27/03/17,10:50,SN,3,"""",NA
NA,27/03/17,10:50,T.,62,"""",NA
NA,27/03/17,10:50,SV,5,"""",NA
NA,27/03/17,10:50,DB,28,"""",NA
NA,27/03/17,10:50,GV,3,"""",NA
VP9_JG_CS_211016_CO1,21/10/2016,07:55,DB,834,Feeding,NA
VP9_JG_CS_211016_CO2,21/10/2016,08:00,DB,570,"East of marker, most feeing but some now swimming",NA
VP9_JG_CS_211016_CO3,21/10/2016,08:00,DB,485,"West of marker, most feeing but some now swimming",NA
VP9_JG_CS_211016_CO4,21/10/2016,10:00,DB,505,,NA
VP9_JG_CS_211016_CO5,21/10/2016,10:00,DB,175,,NA
VP9_JG_CS_211016_CO6,21/10/2016,11:00,DB,740,East of marker,NA
VP9_JG_CS_211016_CO7,21/10/2016,11:00,DB,113,West of marker,NA
VP9_JG_CS_211016_CO8,21/10/2016,12:00,DB,710,East of marker,NA
VP9_JG_CS_211016_CO9,21/10/2016,12:00,DB,58,West of marker,NA
VP6_DS_211016_CO1,21/10/2016,07:45,BH,15,Roosting  (D) - Map1,NA
VP6_DS_211016_CO2,21/10/2016,07:45,BW,3,Roosting  (D) - Map1,NA
VP6_DS_211016_CO3,21/10/2016,07:45,CU,4,Roosting  (D) - Map1,NA
VP6_DS_211016_CO4,21/10/2016,07:45,DB,18,Foraging/Close,NA
VP6_DS_211016_CO5,21/10/2016,07:45,GV,4,Roosting  (D) - Map1,NA
VP6_DS_211016_CO6,21/10/2016,07:45,RK,11,Roosting  (D) - Map1,NA
VP6_DS_211016_CO7,21/10/2016,07:45,SU,8,Foraging/Close,NA
VP6_DS_211016_CO8,21/10/2016,07:45,T.,4,Roosting  (D) - Map1,NA
VP6_DS_211016_CO9,21/10/2016,07:45,DB,33,Foraging Distantly (C ) - Map1,NA
VP6_DS_211016_CO10,21/10/2016,08:05,DB,12,Foraging (E ) - Map1,NA
VP6_DS_211016_CO11,21/10/2016,08:15,T,5,Feeding in bay/Northney Marina (F),NA
VP6_DS_211016_CO12,21/10/2016,08:45,DB,140,Foraging at (A) - Map2,NA
VP6_DS_211016_CO13,21/10/2016,08:45,SU,10,Foraging at (A) - Map2,NA
VP6_DS_211016_CO14,21/10/2016,08:45,T,33,Foraging at (A) - Map2,NA
VP6_DS_211016_CO15,21/10/2016,08:45,DB,90,Foraging at (B) - Map2,NA
VP6_DS_211016_CO16,21/10/2016,08:53,BW,3,Feeding at (D ),NA
VP6_DS_211016_CO17,21/10/2016,08:53,CU,1,Feeding at (D ),NA
VP6_DS_211016_CO18,21/10/2016,08:53,GV,7,Feeding at (D ),NA
VP6_DS_211016_CO19,21/10/2016,08:53,RK,13,Feeding at (D ),NA
VP6_DS_211016_CO20,21/10/2016,09:00,BH,65,Foraging at ( E ) - Map2,NA
VP6_DS_211016_CO21,21/10/2016,09:00,GB,3,Foraging at ( E ) - Map2,NA
VP6_DS_211016_CO22,21/10/2016,09:00,HG,1,Foraging at ( E ) - Map2,NA
VP6_DS_211016_CO23,21/10/2016,09:00,T,23,Foraging at ( E ) - Map2,NA
VP6_DS_211016_CO24,21/10/2016,09:00,CU,2,Foraging at (F ) - Map2,NA
VP6_DS_211016_CO25,21/10/2016,09:00,DB,42,Foraging at (F ) - Map2,NA
VP6_DS_211016_CO26,21/10/2016,09:00,OC,7,Foraging at (F ) - Map2,NA
VP6_DS_211016_CO27,21/10/2016,09:00,SU,2,Foraging at (F ) - Map2,NA
VP6_DS_211016_CO28,21/10/2016,09:45,CU,1,Feeding at (B) - Map3,NA
VP6_DS_211016_CO29,21/10/2016,09:45,DB,165,Feeding at (B) - Map3,NA
VP6_DS_211016_CO30,21/10/2016,09:45,SU,10,Feeding at (B) - Map3,NA
VP6_DS_211016_CO31,21/10/2016,09:45,T,2,Feeding at (B) - Map3 - Majority may have moved in to marina harbour,NA
VP6_DS_211016_CO32,21/10/2016,09:45,BW,2,Feeding at (A),NA
VP6_DS_211016_CO33,21/10/2016,09:45,CU,2,Feeding at (A),NA
VP6_DS_211016_CO34,21/10/2016,09:45,GV,4,Feeding at (A),NA
VP6_DS_211016_CO35,21/10/2016,09:45,RK,16,Feeding at (A),NA
VP6_DS_211016_CO36,21/10/2016,09:45,BW,1,Feeding at (E ),NA
VP6_DS_211016_CO37,21/10/2016,09:45,CU,4,Feeding at (E ),NA
VP6_DS_211016_CO38,21/10/2016,09:45,GV,2,Feeding at (E ),NA
VP6_DS_211016_CO39,21/10/2016,09:45,OC,6,Feeding at (E ),NA
VP6_DS_211016_CO40,21/10/2016,10:10,BW,3,Feeding in channel at (F),NA
VP6_DS_211016_CO41,21/10/2016,10:10,CU,7,Feeding in channel at (F),NA
VP6_DS_211016_CO42,21/10/2016,10:10,DB,110,Feeding in channel at (F),NA
VP6_DS_211016_CO43,21/10/2016,10:10,GV,5,Feeding in channel at (F),NA
VP6_DS_211016_CO44,21/10/2016,10:10,MS,2,Feeding in channel at (F),NA
VP6_DS_211016_CO45,21/10/2016,10:10,RK,7,Feeding in channel at (F),NA
VP6_DS_211016_CO46,21/10/2016,10:10,SU,3,Feeding in channel at (F),NA
VP6_DS_211016_CO47,21/10/2016,10:15,BH,60,Roost/+Foraging at (G),NA
VP6_DS_211016_CO48,21/10/2016,10:15,GB,1,Roost/+Foraging at (G),NA
VP6_DS_211016_CO49,21/10/2016,10:15,HG,14,Roost/+Foraging at (G),NA
VP6_DS_211016_CO50,21/10/2016,10:20,BW,15,Feeding at (A),NA
VP6_DS_211016_CO51,21/10/2016,10:20,CU,3,Feeding at (H),NA
VP6_DS_211016_CO52,21/10/2016,10:20,GV,3,Feeding at (A),NA
VP6_DS_211016_CO53,21/10/2016,10:20,RK,3,Feeding at (A),NA
VP6_DS_211016_CO54,21/10/2016,10:45,BW,6,Feeding at (A),NA
VP6_DS_211016_CO55,21/10/2016,10:45,CU,3,Feeding at (A),NA
VP6_DS_211016_CO56,21/10/2016,10:45,GV,3,Feeding at (A),NA
VP6_DS_211016_CO57,21/10/2016,10:45,OC,1,Feeding at (A),NA
VP6_DS_211016_CO58,21/10/2016,10:45,RK,13,Feeding at (A),NA
VP6_DS_211016_CO59,21/10/2016,10:45,CU,1,Feeding at (B),NA
VP6_DS_211016_CO60,21/10/2016,10:45,RK,7,Feeding at (B),NA
VP6_DS_211016_CO61,21/10/2016,10:45,SU,10,Feeding at (B),NA
VP6_DS_211016_CO62,21/10/2016,10:45,DB,6,Feeding at (D),NA
VP6_DS_211016_CO63,21/10/2016,10:45,DB,160,Feeding at (E ),NA
VP6_DS_211016_CO64,21/10/2016,10:45,BH,50,Feeding/Roosting at (F ),NA
VP6_DS_211016_CO65,21/10/2016,10:45,CU,4,Feeding/Roosting at (F ),NA
VP6_DS_211016_CO66,21/10/2016,10:45,GB,1,Feeding/Roosting at (F ),NA
VP6_DS_211016_CO67,21/10/2016,10:45,GV,1,Feeding/Roosting at (F ),NA
VP6_DS_211016_CO68,21/10/2016,10:45,HG,18,Feeding/Roosting at (F ),NA
VP6_DS_211016_CO69,21/10/2016,10:45,RK,4,Feeding/Roosting at (F ),NA
VP6_DS_211016_CO70,21/10/2016,10:55,BW,11,Feeding at (C ),NA
VP6_DS_211016_CO71,21/10/2016,10:55,CU,1,Feeding at (C ),NA
VP6_DS_211016_CO72,21/10/2016,10:55,ET,1,Feeding at (C ),NA
VP6_DS_211016_CO73,21/10/2016,10:55,GV,1,Feeding at (C ),NA
VP6_DS_211016_CO74,21/10/2016,10:55,OC,4,Feeding at (C ),NA
VP6_DS_211016_CO75,21/10/2016,10:55,RK,6,Feeding at (C ),NA
VP6_DS_211016_CO76,21/10/2016,11:00,CU,1,Feeding at (G),NA
VP6_DS_211016_CO77,21/10/2016,11:00,OC,4,Feeding at (G),NA
VP6_DS_211016_CO78,21/10/2016,11:00,RK,2,Feeding at (G),NA
VP6_DS_211016_CO79,21/10/2016,11:45,CU,1,Feeding at (B),NA
VP6_DS_211016_CO80,21/10/2016,11:45,RK,1,Feeding at (B),NA
VP6_DS_211016_CO81,21/10/2016,11:45,SU,1,Feeding at (B),NA
VP6_DS_211016_CO82,21/10/2016,11:45,BW,8,Feeding at (A),NA
VP6_DS_211016_CO83,21/10/2016,11:45,CU,5,Feeding at (A),NA
VP6_DS_211016_CO84,21/10/2016,11:45,GV,5,Feeding at (A),NA
VP6_DS_211016_CO85,21/10/2016,11:45,L,1,Feeding at (A),NA
VP6_DS_211016_CO86,21/10/2016,11:45,OC,4,Feeding at (A),NA
VP6_DS_211016_CO87,21/10/2016,11:45,RK,6,Feeding at (A),NA
VP6_DS_211016_CO88,21/10/2016,11:45,DB,230,Feeding at waters edge at (D),NA
VP6_DS_211016_CO89,21/10/2016,11:45,CU,1,Feeding at (E ),NA
VP6_DS_211016_CO90,21/10/2016,11:45,DB,8,Feeding at (E ),NA
VP6_DS_211016_CO91,21/10/2016,12:00,L,250,About this number at F - Roosting and Feeding,NA
VP6_DS_211016_CO92,21/10/2016,12:00,OC,12,,NA
VP6_DS_211016_CO93,21/10/2016,12:00,BW,5,Feeding at (C ),NA
VP6_DS_211016_CO94,21/10/2016,12:00,CU,2,Feeding at (C ),NA
VP6_DS_211016_CO95,21/10/2016,12:00,GV,2,Feeding at (C ),NA
VP6_DS_211016_CO96,21/10/2016,12:00,OC,7,Feeding at (C ),NA
VP6_DS_211016_CO97,21/10/2016,12:00,RK,6,Feeding at (C ),NA
VP13_CL_211016_CO1,21/10/2016,07:34,DB,62,Feeding on edge of water,NA
VP13_CL_211016_CO2,21/10/2016,07:34,OC,68,Feeding,NA
VP13_CL_211016_CO3,21/10/2016,07:34,RK,17,Feeding,NA
VP13_CL_211016_CO4,21/10/2016,07:34,WN,4,,NA
VP13_CL_211016_CO5,21/10/2016,07:34,CU,50,,NA
VP13_CL_211016_CO6,21/10/2016,07:34,DB,113,Feeding,NA
VP13_CL_211016_CO7,21/10/2016,07:34,ET,12,,NA
VP13_CL_211016_CO8,21/10/2016,07:34,OC,53,,NA
VP13_CL_211016_CO9,21/10/2016,08:05,CU,20,,NA
VP13_CL_211016_CO10,21/10/2016,08:05,DB,60,,NA
VP13_CL_211016_CO11,21/10/2016,08:05,RK,50,,NA
VP13_CL_211016_CO12,21/10/2016,08:05,WN,120,,NA
VP13_CL_211016_CO13,21/10/2016,08:38,DB,71,,NA
VP13_CL_211016_CO14,21/10/2016,08:38,DN,300,,NA
VP13_CL_211016_CO15,21/10/2016,08:38,GV,70,,NA
VP13_CL_211016_CO16,21/10/2016,08:38,OC,60,"mostly adults, three bait diggers on site, higher numbers than count one - individuals/groups arriving from harbour and feeding on edge of water.",NA
VP13_CL_211016_CO17,21/10/2016,08:38,RK,80,,NA
VP13_CL_211016_CO18,21/10/2016,08:38,SV,10,,NA
VP13_CL_211016_CO19,21/10/2016,08:38,DB,390,,NA
VP13_CL_211016_CO20,21/10/2016,08:38,DN,200,,NA
VP13_CL_211016_CO21,21/10/2016,08:38,OC,30,,NA
VP13_CL_211016_CO22,21/10/2016,08:38,RK,90,,NA
VP13_CL_211016_CO23,21/10/2016,08:38,RK,500,,NA
VP13_CL_211016_CO24,21/10/2016,08:38,DN,400,,NA
VP13_CL_211016_CO25,21/10/2016,09:38,CU,10,,NA
VP13_CL_211016_CO26,21/10/2016,09:38,DB,238,"Localised disturbance around site, 5 bait diggers, no movement off situ",NA
VP13_CL_211016_CO27,21/10/2016,09:38,DN,200,,NA
VP13_CL_211016_CO28,21/10/2016,09:38,GV,20,,NA
VP13_CL_211016_CO29,21/10/2016,09:38,MS,5,,NA
VP13_CL_211016_CO30,21/10/2016,09:38,OC,100,,NA
VP13_CL_211016_CO31,21/10/2016,09:38,RK,110,,NA
VP13_CL_211016_CO32,21/10/2016,09:47,CU,30,,NA
VP13_CL_211016_CO33,21/10/2016,09:47,DB,330,,NA
VP13_CL_211016_CO34,21/10/2016,09:47,OC,50,,NA
VP13_CL_211016_CO35,21/10/2016,09:47,BW,20,,NA
VP13_CL_211016_CO36,21/10/2016,09:47,DN,350,,NA
VP13_CL_211016_CO37,21/10/2016,09:47,ET,20,,NA
VP13_CL_211016_CO38,21/10/2016,09:47,OC,90,,NA
VP13_CL_211016_CO39,21/10/2016,09:47,DB,120,,NA
VP13_CL_211016_CO40,21/10/2016,09:47,WN,100,,NA
VP13_CL_211016_CO41,21/10/2016,10:34,CU,10,,NA
VP13_CL_211016_CO42,21/10/2016,10:34,DB,300,5 bait diggers - countinued localised disturbance,NA
VP13_CL_211016_CO43,21/10/2016,10:34,GV,5,,NA
VP13_CL_211016_CO44,21/10/2016,10:34,OC,62,,NA
VP13_CL_211016_CO45,21/10/2016,10:34,DB,240,,NA
VP13_CL_211016_CO46,21/10/2016,10:34,OC,50,,NA
VP13_CL_211016_CO47,21/10/2016,10:34,RK,50,,NA
VP13_CL_211016_CO48,21/10/2016,10:34,DB,80,,NA
VP13_CL_211016_CO49,21/10/2016,10:34,DN,400,,NA
VP13_CL_211016_CO50,21/10/2016,10:34,RK,200,,NA
VP13_CL_211016_CO51,21/10/2016,10:34,DB,200,,NA
VP13_CL_211016_CO52,21/10/2016,11:30,DB,280,,NA
VP13_CL_211016_CO53,21/10/2016,11:30,OC,40,Tide starting to move in - all birds still on waters edge - bait diggers off site.,NA
VP13_CL_211016_CO54,21/10/2016,11:30,RK,100,,NA
VP13_CL_211016_CO55,21/10/2016,11:30,WN,50,,NA
VP13_CL_211016_CO56,21/10/2016,11:30,CU,30,,NA
VP13_CL_211016_CO57,21/10/2016,11:30,DB,100,,NA
VP13_CL_211016_CO58,21/10/2016,11:30,CU,50,,NA
VP13_CL_211016_CO59,21/10/2016,11:30,DN,400,,NA
VP13_CL_211016_CO60,21/10/2016,11:30,OC,50,,NA
VP13_CL_211016_CO61,21/10/2016,11:30,RK,200,,NA
VP13_CL_211016_CO62,21/10/2016,11:30,DB,400,,NA
VP13_CL_211016_CO63,21/10/2016,11:30,WN,200,,NA
VP16_RL_31102016_CO1,31/10/2016,11:25,DB,97,16 juvs,NA
VP16_RL_31102016_CO2,31/10/2016,11:32,DB,11,11 adults flew in from the N,NA
VP16_RL_31102016_CO3,31/10/2016,11:36,DB,108,Flushed by B2 - flew NE to N end of harbour,NA
VP16_RL_31102016_CO4,31/10/2016,11:38,DB,239,Resting on water and feeding on P73 additional to the 108 from P11,NA
VP16_RL_31102016_CO5,31/10/2016,11:40,CU,17,Roosting on P73,NA
VP16_RL_31102016_CO6,31/10/2016,11:40,ET,13,Roosting on P73,NA
VP16_RL_31102016_CO7,31/10/2016,11:40,OC,72,Roosting on P73,NA
VP16_RL_31102016_CO8,31/10/2016,11:40,SU,33,Roosting on water between P73 and N end of harbour,NA
,31/10/2016,12:10,None,0,"Golf course, no birds present",P12
,31/10/2016,12:15,None,0,"Golf course, no birds present",P19A
,31/10/2016,12:15,None,0,"Golf course, no birds present",P19B
VP16_RL_31102016_CO9,31/10/2016,12:28,DB,0,Flushed by kestrel - landed on water immediately adjacent to site,NA
VP16_RL_31102016_CO10,31/10/2016,12:38,DN,900,,NA
VP16_RL_31102016_CO11,31/10/2016,12:38,GV,17,Flew into Farlington Lagoon area,NA
VP16_RL_31102016_CO12,31/10/2016,12:45,ET,8,,NA
VP16_RL_31102016_CO13,31/10/2016,12:48,CU,21,Roosting on P73,NA
VP16_RL_31102016_CO14,31/10/2016,12:48,OC,123,Roosting on P73,NA
VP16_RL_31102016_CO15,31/10/2016,13:05,DB,308,Birds gradually drifting S/SE mixture of resting and feeding birds,NA
,31/10/2016,13:20,None,0,No birds present of gold course,P12
VP16_RL_31102016_CO16,31/10/2016,13:30,DB,205,,NA
VP16_RL_31102016_CO17,31/10/2016,13:40,DB,4,Exposed grasses,NA
VP16_RL_31102016_CO18,31/10/2016,14:00,DN,1,Moving SE from Island off VP16 to H72,NA
VP16_RL_31102016_CO18,31/10/2016,14:00,GV,1,Moving SE from Island off VP16 to H72,NA
VP16_RL_31102016_CO19,31/10/2016,14:00,SU,26,Drifting SE on the water and feeding on exposed edges,NA
VP16_RL_31102016_CO20,31/10/2016,14:10,WN,6,on saltmarsh off 16b,NA
VP10_LM_31102016_CO1,31/10/2016,11:37,DB,85,"Too distant for aging. Geese rafted on water - mainly roosting, some feeding in shallows close to nearly finished sea defence works. Dog off lead near by.",NA
VP10_LM_31102016_CO2,31/10/2016,11:39,DB,110,Too distant for ageing. Rafted in water.,NA
VP10_LM_31102016_CO3,31/10/2016,11:40,TT,150,Roosting on several moored boats. 150 birds likely an undercount due to visual obstructions,NA
VP10_LM_31102016_CO4,31/10/2016,12:00,DB,150,,NA
VP10_LM_31102016_CO5,31/10/2016,12:00,MS,2,,NA
VP10_LM_31102016_CO6,31/10/2016,14:00,DB,87,Geese much more spread out and active than during previous snapshots - Many feeding and preening. None roosting.,NA
VP10_LM_31102016_CO7,31/10/2016,14:02,DB,150,Geese more active as above.,NA
VP10_LM_31102016_CO8,31/10/2016,14:05,TT,250,Higher number visible following Hobby disturbance. Some preening but majority still roosting.,NA
VP10_LM_31102016_CO9,31/10/2016,15:14,RK,20,Feeding ,NA
VP10_LM_31102016_CO10,31/10/2016,15:14,DB,150,,NA
VP10_LM_31102016_CO11,31/10/2016,15:17,TT,150,Roosting/preening,NA
VP10_LM_31102016_CO12,31/10/2016,15:17,DB,100,,NA
VP10_LM_31102016_CO13,31/10/2016,16:02,DB,50,Feeding on mudflats,NA
VP10_LM_31102016_CO14,31/10/2016,16:05,HG,20,In hatched area. Feeding.,NA
VP10_LM_31102016_CO15,31/10/2016,16:08,BW,10,mudflats,NA
VP10_LM_31102016_CO16,31/10/2016,16:08,TT,50,mudflats,NA
VP10_LM_31102016_CO17,31/10/2016,16:08,RK,10,mudflats,NA
VP10_LM_31102016_CO18,31/10/2016,16:10,DB,150,feeding/preening,NA
VP10_LM_31102016_CO19,31/10/2016,16:10,TT,50,feeding/preening,NA
VP10_LM_31102016_CO20,31/10/2016,16:10,RK,20,feeding/preening,NA
VP10_LM_31102016_CO21,31/10/2016,16:12,DB,150,foraging on freshly exposed intertidal,NA
VP10_LM_31102016_CO22,31/10/2016,16:12,DN,300,"flying in flock, origin unknown",NA
VP10_LM_31102016_CO23,31/10/2016,11:57,TT,150,50 flew as a result of disturbance but returned to original location,NA
VP10_LM_31102016_CO24,31/10/2016,12:37,TT,150,quickly resettled to original location once yacht had passed,NA
VP10_LM_31102016_CO25,31/10/2016,13:24,TT,150,A HOBBY flew overhead. ,NA
VP10_LM_31102016_CO26,31/10/2016,15:32,TT,150,,NA
VP19_ARJ_31102016_CO1,31/10/2016,11:20,DB,350,COncrete platform,SA1
VP19_ARJ_31102016_CO2,31/10/2016,11:20,TT,21,COncrete platform,SA1
VP19_ARJ_31102016_CO3,31/10/2016,11:20,RK,7,COncrete platform,SA1
VP19_ARJ_31102016_CO4,31/10/2016,11:20,OC,1,COncrete platform,SA1
VP19_ARJ_31102016_CO5,31/10/2016,11:20,SU,2,Roosting on shoreline,SA1
VP19_ARJ_31102016_CO6,31/10/2016,11:20,OC,100,"Boat in harbour, roosting",SA1
VP19_ARJ_31102016_CO7,31/10/2016,11:20,T.,8,,SA1
VP19_ARJ_31102016_CO8,31/10/2016,12:05,DB,350,,SA1
VP19_ARJ_31102016_CO9,31/10/2016,12:05,TT,21,,SA1
VP19_ARJ_31102016_CO10,31/10/2016,12:05,RK,7,,SA1
VP19_ARJ_31102016_CO11,31/10/2016,12:05,T.,7,,SA1
VP19_ARJ_31102016_CO12,31/10/2016,12:05,SU,2,,SA1
VP19_ARJ_31102016_CO13,31/10/2016,12:05,OC,100,,SA1
VP19_ARJ_31102016_CO14,31/10/2016,12:05,OC,1,,SA1
VP19_ARJ_31102016_CO15,31/10/2016,13:10,DB,350,"Roosting in harbour, most in middle",SA1
VP19_ARJ_31102016_CO16,31/10/2016,13:10,TT,12,,SA1
VP19_ARJ_31102016_CO17,31/10/2016,13:10,RK,3,,SA1
VP19_ARJ_31102016_CO18,31/10/2016,13:10,SU,2,,SA1
VP19_ARJ_31102016_CO19,31/10/2016,13:10,T.,8,,SA1
VP19_ARJ_31102016_CO20,31/10/2016,13:00,DB,15,Forton's Lake,SB1
VP19_ARJ_31102016_CO21,31/10/2016,13:00,RK,59,,
VP19_ARJ_31102016_CO22,31/10/2016,13:00,OC,3,,
VP19_ARJ_31102016_CO23,31/10/2016,13:00,DB,7,Harbour,
VP16_GJ_31102016_CO5,31/10/16,15:30,DB,25,Feeding on mudflats,A
VP16_GJ_31102016_CO6,31/10/16,15:30,OC,16,Feeding on mudflats,A
VP16_GJ_31102016_CO7,31/10/16,15:30,CU,7,Feeding on mudflats,A
VP16_GJ_31102016_CO8,31/10/16,15:30,ET,5,Feeding on mudflats,A
P12,31/10/16,15:48,None,0,NO BIRDS,P12
P19A,31/10/16,15:50,None,0,NO BIRDS,P19A
P19B,31/10/16,15:50,None,0,NO BIRDS,P19B
VP16_GJ_31102016_CO1,31/10/16,14:05,DB,306,,P83
VP16_GJ_31102016_CO2,31/10/16,14:05,T.,16,16 juv seen amongst roosting birds on water,P83
P52,31/10/16,14:15,None,0,NO BIRDS,P52
P198,31/10/16,14:20,None,0,NO BIRDS,P198
VP16_GJ_31102016_CO3,31/10/16,14:40,DB,54,DX (W) - walked away,P11
VP16_GJ_31102016_CO4,31/10/16,14:50,DB,54,DX + amenity grass (F) - Flew East onto water,P11
P55,31/10/16,15:10,None,0,NO BIRDS,P55
P11,31/10/16,15:30,None,0,NO BIRDS,P11
